dataset,fpr,tpr,threshold,auc
InjecAgent,0.0,0.0,-inf,0.7016268556758567
InjecAgent,0.0,0.0,-0.31124675273895264,0.7016268556758567
InjecAgent,0.0,0.0004743833017077799,-0.31082427501678467,0.7016268556758567
InjecAgent,0.0,0.0009487666034155598,-0.31065601110458374,0.7016268556758567
InjecAgent,0.0,0.0014231499051233396,-0.30988019704818726,0.7016268556758567
InjecAgent,0.0,0.0018975332068311196,-0.30951136350631714,0.7016268556758567
InjecAgent,0.0,0.0023719165085388993,-0.30917954444885254,0.7016268556758567
InjecAgent,0.0,0.0028462998102466793,-0.30481600761413574,0.7016268556758567
InjecAgent,0.0,0.003320683111954459,-0.3042196035385132,0.7016268556758567
InjecAgent,0.0,0.003795066413662239,-0.3010648488998413,0.7016268556758567
InjecAgent,0.0,0.004269449715370019,-0.29953277111053467,0.7016268556758567
InjecAgent,0.0,0.004743833017077799,-0.27066224813461304,0.7016268556758567
InjecAgent,0.0,0.005218216318785579,-0.2698681950569153,0.7016268556758567
InjecAgent,0.0,0.0056925996204933585,-0.26970720291137695,0.7016268556758567
InjecAgent,0.0,0.006166982922201139,-0.26714640855789185,0.7016268556758567
InjecAgent,0.0,0.006641366223908918,-0.2665107846260071,0.7016268556758567
InjecAgent,0.0,0.007115749525616698,-0.26516997814178467,0.7016268556758567
InjecAgent,0.0,0.007590132827324478,-0.2580956220626831,0.7016268556758567
InjecAgent,0.0,0.008064516129032258,-0.25786125659942627,0.7016268556758567
InjecAgent,0.0,0.008538899430740038,-0.24811017513275146,0.7016268556758567
InjecAgent,0.0,0.009013282732447819,-0.24659788608551025,0.7016268556758567
InjecAgent,0.0,0.009487666034155597,-0.24430835247039795,0.7016268556758567
InjecAgent,0.0,0.009962049335863378,-0.24310261011123657,0.7016268556758567
InjecAgent,0.0,0.010436432637571158,-0.2416006326675415,0.7016268556758567
InjecAgent,0.0,0.010910815939278937,-0.24120116233825684,0.7016268556758567
InjecAgent,0.0,0.011385199240986717,-0.24101722240447998,0.7016268556758567
InjecAgent,0.0,0.011859582542694497,-0.2407773733139038,0.7016268556758567
InjecAgent,0.0,0.012333965844402278,-0.2406570315361023,0.7016268556758567
InjecAgent,0.0,0.012808349146110056,-0.2399667501449585,0.7016268556758567
InjecAgent,0.0,0.013282732447817837,-0.2397141456604004,0.7016268556758567
InjecAgent,0.0,0.013757115749525617,-0.23859357833862305,0.7016268556758567
InjecAgent,0.0,0.014231499051233396,-0.23737812042236328,0.7016268556758567
InjecAgent,0.0,0.014705882352941176,-0.23730456829071045,0.7016268556758567
InjecAgent,0.0,0.015180265654648957,-0.23705792427062988,0.7016268556758567
InjecAgent,0.0,0.015654648956356737,-0.2348191738128662,0.7016268556758567
InjecAgent,0.0,0.016129032258064516,-0.23462235927581787,0.7016268556758567
InjecAgent,0.0,0.016603415559772294,-0.23411107063293457,0.7016268556758567
InjecAgent,0.0,0.017077798861480076,-0.2340070605278015,0.7016268556758567
InjecAgent,0.0,0.017552182163187855,-0.23280704021453857,0.7016268556758567
InjecAgent,0.0,0.018026565464895637,-0.23267686367034912,0.7016268556758567
InjecAgent,0.0,0.018500948766603416,-0.23150724172592163,0.7016268556758567
InjecAgent,0.0,0.018975332068311195,-0.22726356983184814,0.7016268556758567
InjecAgent,0.0,0.019449715370018977,-0.2270006537437439,0.7016268556758567
InjecAgent,0.0,0.019924098671726755,-0.2268059253692627,0.7016268556758567
InjecAgent,0.0,0.020398481973434534,-0.22671115398406982,0.7016268556758567
InjecAgent,0.0,0.020872865275142316,-0.22660362720489502,0.7016268556758567
InjecAgent,0.0,0.021347248576850095,-0.22584009170532227,0.7016268556758567
InjecAgent,0.0,0.021821631878557873,-0.2251821756362915,0.7016268556758567
InjecAgent,0.0,0.022296015180265655,-0.22494423389434814,0.7016268556758567
InjecAgent,0.0,0.022770398481973434,-0.22446423768997192,0.7016268556758567
InjecAgent,0.0,0.023244781783681213,-0.22329986095428467,0.7016268556758567
InjecAgent,0.0,0.023719165085388995,-0.22327440977096558,0.7016268556758567
InjecAgent,0.0,0.024193548387096774,-0.2229238748550415,0.7016268556758567
InjecAgent,0.0,0.024667931688804556,-0.22061526775360107,0.7016268556758567
InjecAgent,0.0,0.025142314990512334,-0.22053563594818115,0.7016268556758567
InjecAgent,0.0,0.025616698292220113,-0.2205011248588562,0.7016268556758567
InjecAgent,0.0,0.026091081593927895,-0.22044843435287476,0.7016268556758567
InjecAgent,0.0,0.026565464895635674,-0.218389630317688,0.7016268556758567
InjecAgent,0.0,0.027039848197343452,-0.21812164783477783,0.7016268556758567
InjecAgent,0.0,0.027514231499051234,-0.21722650527954102,0.7016268556758567
InjecAgent,0.0,0.027988614800759013,-0.2170620560646057,0.7016268556758567
InjecAgent,0.0,0.028462998102466792,-0.2161763310432434,0.7016268556758567
InjecAgent,0.0,0.028937381404174574,-0.2155752182006836,0.7016268556758567
InjecAgent,0.0,0.029411764705882353,-0.2151525616645813,0.7016268556758567
InjecAgent,0.0,0.02988614800759013,-0.21512305736541748,0.7016268556758567
InjecAgent,0.0,0.030360531309297913,-0.21481668949127197,0.7016268556758567
InjecAgent,0.0,0.030834914611005692,-0.2132977843284607,0.7016268556758567
InjecAgent,0.0,0.031309297912713474,-0.21322476863861084,0.7016268556758567
InjecAgent,0.0,0.03178368121442125,-0.21313202381134033,0.7016268556758567
InjecAgent,0.0,0.03225806451612903,-0.21306675672531128,0.7016268556758567
InjecAgent,0.0,0.03273244781783681,-0.21287685632705688,0.7016268556758567
InjecAgent,0.0,0.03320683111954459,-0.21280986070632935,0.7016268556758567
InjecAgent,0.0,0.033681214421252374,-0.21192800998687744,0.7016268556758567
InjecAgent,0.0,0.03415559772296015,-0.21131587028503418,0.7016268556758567
InjecAgent,0.0,0.03462998102466793,-0.21104556322097778,0.7016268556758567
InjecAgent,0.0,0.03510436432637571,-0.21069419384002686,0.7016268556758567
InjecAgent,0.0,0.03557874762808349,-0.20997577905654907,0.7016268556758567
InjecAgent,0.0,0.036053130929791274,-0.2094002366065979,0.7016268556758567
InjecAgent,0.0,0.03652751423149905,-0.2081242799758911,0.7016268556758567
InjecAgent,0.0,0.03700189753320683,-0.2080211639404297,0.7016268556758567
InjecAgent,0.0,0.03747628083491461,-0.2078058123588562,0.7016268556758567
InjecAgent,0.0,0.03795066413662239,-0.20747393369674683,0.7016268556758567
InjecAgent,0.0,0.03842504743833017,-0.20727860927581787,0.7016268556758567
InjecAgent,0.0,0.03889943074003795,-0.20579886436462402,0.7016268556758567
InjecAgent,0.0,0.03937381404174573,-0.2057652473449707,0.7016268556758567
InjecAgent,0.0,0.03984819734345351,-0.20528656244277954,0.7016268556758567
InjecAgent,0.0,0.04032258064516129,-0.2052350640296936,0.7016268556758567
InjecAgent,0.0,0.04079696394686907,-0.20514428615570068,0.7016268556758567
InjecAgent,0.0,0.04127134724857685,-0.20511960983276367,0.7016268556758567
InjecAgent,0.0,0.04174573055028463,-0.2044951319694519,0.7016268556758567
InjecAgent,0.0,0.04222011385199241,-0.20440667867660522,0.7016268556758567
InjecAgent,0.0,0.04269449715370019,-0.20438313484191895,0.7016268556758567
InjecAgent,0.0,0.04316888045540797,-0.20396113395690918,0.7016268556758567
InjecAgent,0.0,0.04364326375711575,-0.2034064531326294,0.7016268556758567
InjecAgent,0.0,0.04411764705882353,-0.20325618982315063,0.7016268556758567
InjecAgent,0.0,0.04459203036053131,-0.20279914140701294,0.7016268556758567
InjecAgent,0.0,0.04506641366223909,-0.20153343677520752,0.7016268556758567
InjecAgent,0.0,0.04554079696394687,-0.2014540433883667,0.7016268556758567
InjecAgent,0.0,0.04601518026565465,-0.2013987898826599,0.7016268556758567
InjecAgent,0.0,0.046489563567362426,-0.2012454867362976,0.7016268556758567
InjecAgent,0.0,0.04696394686907021,-0.20124149322509766,0.7016268556758567
InjecAgent,0.0,0.04743833017077799,-0.20012855529785156,0.7016268556758567
InjecAgent,0.0,0.04791271347248577,-0.20002973079681396,0.7016268556758567
InjecAgent,0.0,0.04838709677419355,-0.19931483268737793,0.7016268556758567
InjecAgent,0.0,0.048861480075901326,-0.1989566683769226,0.7016268556758567
InjecAgent,0.0,0.04933586337760911,-0.19884294271469116,0.7016268556758567
InjecAgent,0.0,0.04981024667931689,-0.19875025749206543,0.7016268556758567
InjecAgent,0.0,0.05028462998102467,-0.1978352665901184,0.7016268556758567
InjecAgent,0.0,0.05075901328273245,-0.19778072834014893,0.7016268556758567
InjecAgent,0.0,0.051233396584440226,-0.19706809520721436,0.7016268556758567
InjecAgent,0.0,0.051707779886148005,-0.19681012630462646,0.7016268556758567
InjecAgent,0.0,0.05218216318785579,-0.1953972578048706,0.7016268556758567
InjecAgent,0.0,0.05265654648956357,-0.19466745853424072,0.7016268556758567
InjecAgent,0.0,0.05313092979127135,-0.19448715448379517,0.7016268556758567
InjecAgent,0.0,0.053605313092979126,-0.19441300630569458,0.7016268556758567
InjecAgent,0.0,0.054079696394686905,-0.19417321681976318,0.7016268556758567
InjecAgent,0.0,0.05455407969639469,-0.19415342807769775,0.7016268556758567
InjecAgent,0.0,0.05502846299810247,-0.19376325607299805,0.7016268556758567
InjecAgent,0.0,0.05550284629981025,-0.19267725944519043,0.7016268556758567
InjecAgent,0.0,0.055977229601518026,-0.19228985905647278,0.7016268556758567
InjecAgent,0.0,0.056451612903225805,-0.1913895606994629,0.7016268556758567
InjecAgent,0.0,0.056925996204933584,-0.19076675176620483,0.7016268556758567
InjecAgent,0.0,0.05740037950664137,-0.1905643343925476,0.7016268556758567
InjecAgent,0.0,0.05787476280834915,-0.1895902156829834,0.7016268556758567
InjecAgent,0.0,0.058349146110056926,-0.18937420845031738,0.7016268556758567
InjecAgent,0.0,0.058823529411764705,-0.1893215775489807,0.7016268556758567
InjecAgent,0.0,0.059297912713472484,-0.18928015232086182,0.7016268556758567
InjecAgent,0.0,0.05977229601518026,-0.1892096996307373,0.7016268556758567
InjecAgent,0.0,0.06024667931688805,-0.18909859657287598,0.7016268556758567
InjecAgent,0.0,0.06072106261859583,-0.18847084045410156,0.7016268556758567
InjecAgent,0.0,0.061195445920303605,-0.1884203553199768,0.7016268556758567
InjecAgent,0.0,0.061669829222011384,-0.18837279081344604,0.7016268556758567
InjecAgent,0.0,0.06214421252371916,-0.18823480606079102,0.7016268556758567
InjecAgent,0.0,0.06261859582542695,-0.18813735246658325,0.7016268556758567
InjecAgent,0.0,0.06309297912713473,-0.1880224347114563,0.7016268556758567
InjecAgent,0.0,0.0635673624288425,-0.18746137619018555,0.7016268556758567
InjecAgent,0.0,0.06404174573055028,-0.18682029843330383,0.7016268556758567
InjecAgent,0.0,0.06451612903225806,-0.18679916858673096,0.7016268556758567
InjecAgent,0.0,0.06499051233396584,-0.18652814626693726,0.7016268556758567
InjecAgent,0.0,0.06546489563567362,-0.18635964393615723,0.7016268556758567
InjecAgent,0.0,0.0659392789373814,-0.18628060817718506,0.7016268556758567
InjecAgent,0.0,0.06641366223908918,-0.18573510646820068,0.7016268556758567
InjecAgent,0.0,0.06688804554079697,-0.1853182315826416,0.7016268556758567
InjecAgent,0.0,0.06736242884250475,-0.18513327836990356,0.7016268556758567
InjecAgent,0.0,0.06783681214421253,-0.18497347831726074,0.7016268556758567
InjecAgent,0.0,0.0683111954459203,-0.18396860361099243,0.7016268556758567
InjecAgent,0.0,0.06878557874762808,-0.18386268615722656,0.7016268556758567
InjecAgent,0.0,0.06925996204933586,-0.1837194859981537,0.7016268556758567
InjecAgent,0.0,0.06973434535104364,-0.18302184343338013,0.7016268556758567
InjecAgent,0.0,0.07020872865275142,-0.18295350670814514,0.7016268556758567
InjecAgent,0.0,0.0706831119544592,-0.18268698453903198,0.7016268556758567
InjecAgent,0.0,0.07115749525616698,-0.18249207735061646,0.7016268556758567
InjecAgent,0.0,0.07163187855787476,-0.18225479125976562,0.7016268556758567
InjecAgent,0.0,0.07210626185958255,-0.18193981051445007,0.7016268556758567
InjecAgent,0.0,0.07258064516129033,-0.18184107542037964,0.7016268556758567
InjecAgent,0.0,0.0730550284629981,-0.1810319423675537,0.7016268556758567
InjecAgent,0.0,0.07352941176470588,-0.18002814054489136,0.7016268556758567
InjecAgent,0.0,0.07400379506641366,-0.18000191450119019,0.7016268556758567
InjecAgent,0.0,0.07447817836812144,-0.17978507280349731,0.7016268556758567
InjecAgent,0.0,0.07495256166982922,-0.17923372983932495,0.7016268556758567
InjecAgent,0.0,0.075426944971537,-0.17915871739387512,0.7016268556758567
InjecAgent,0.0,0.07590132827324478,-0.17890030145645142,0.7016268556758567
InjecAgent,0.0,0.07637571157495256,-0.17823565006256104,0.7016268556758567
InjecAgent,0.0,0.07685009487666034,-0.17818713188171387,0.7016268556758567
InjecAgent,0.0,0.07732447817836813,-0.1772666573524475,0.7016268556758567
InjecAgent,0.0,0.0777988614800759,-0.1767246425151825,0.7016268556758567
InjecAgent,0.0,0.07827324478178369,-0.17632150650024414,0.7016268556758567
InjecAgent,0.0,0.07874762808349146,-0.1762428879737854,0.7016268556758567
InjecAgent,0.0,0.07922201138519924,-0.176111102104187,0.7016268556758567
InjecAgent,0.0,0.07969639468690702,-0.1759936809539795,0.7016268556758567
InjecAgent,0.0,0.0801707779886148,-0.17594993114471436,0.7016268556758567
InjecAgent,0.0,0.08064516129032258,-0.1756085753440857,0.7016268556758567
InjecAgent,0.0,0.08111954459203036,-0.17546814680099487,0.7016268556758567
InjecAgent,0.0,0.08159392789373814,-0.174685537815094,0.7016268556758567
InjecAgent,0.0,0.08206831119544591,-0.17442870140075684,0.7016268556758567
InjecAgent,0.0,0.0825426944971537,-0.17424190044403076,0.7016268556758567
InjecAgent,0.0,0.08301707779886149,-0.17325586080551147,0.7016268556758567
InjecAgent,0.0,0.08349146110056926,-0.17251968383789062,0.7016268556758567
InjecAgent,0.0,0.08396584440227704,-0.17231330275535583,0.7016268556758567
InjecAgent,0.0,0.08444022770398482,-0.17221194505691528,0.7016268556758567
InjecAgent,0.0,0.0849146110056926,-0.17187246680259705,0.7016268556758567
InjecAgent,0.0,0.08538899430740038,-0.17176032066345215,0.7016268556758567
InjecAgent,0.0,0.08586337760910816,-0.17174050211906433,0.7016268556758567
InjecAgent,0.0,0.08633776091081594,-0.17172878980636597,0.7016268556758567
InjecAgent,0.0,0.08681214421252371,-0.17169034481048584,0.7016268556758567
InjecAgent,0.0,0.0872865275142315,-0.17161381244659424,0.7016268556758567
InjecAgent,0.0,0.08776091081593927,-0.17146390676498413,0.7016268556758567
InjecAgent,0.0,0.08823529411764706,-0.17141607403755188,0.7016268556758567
InjecAgent,0.0,0.08870967741935484,-0.17136675119400024,0.7016268556758567
InjecAgent,0.0,0.08918406072106262,-0.1709613800048828,0.7016268556758567
InjecAgent,0.0,0.0896584440227704,-0.17092853784561157,0.7016268556758567
InjecAgent,0.0,0.09013282732447818,-0.17079582810401917,0.7016268556758567
InjecAgent,0.0,0.09060721062618596,-0.1705322265625,0.7016268556758567
InjecAgent,0.0,0.09108159392789374,-0.17052900791168213,0.7016268556758567
InjecAgent,0.0,0.09155597722960152,-0.1701143980026245,0.7016268556758567
InjecAgent,0.0,0.0920303605313093,-0.17010945081710815,0.7016268556758567
InjecAgent,0.0,0.09250474383301707,-0.17008650302886963,0.7016268556758567
InjecAgent,0.0,0.09297912713472485,-0.16996777057647705,0.7016268556758567
InjecAgent,0.0,0.09345351043643264,-0.1699216365814209,0.7016268556758567
InjecAgent,0.0,0.09392789373814042,-0.16961023211479187,0.7016268556758567
InjecAgent,0.0,0.0944022770398482,-0.1695270538330078,0.7016268556758567
InjecAgent,0.0,0.09487666034155598,-0.16927051544189453,0.7016268556758567
InjecAgent,0.0,0.09535104364326376,-0.16926699876785278,0.7016268556758567
InjecAgent,0.0,0.09582542694497154,-0.1690707802772522,0.7016268556758567
InjecAgent,0.0,0.09629981024667932,-0.16906917095184326,0.7016268556758567
InjecAgent,0.0,0.0967741935483871,-0.16827398538589478,0.7016268556758567
InjecAgent,0.0,0.09724857685009487,-0.16763877868652344,0.7016268556758567
InjecAgent,0.0,0.09772296015180265,-0.16760975122451782,0.7016268556758567
InjecAgent,0.0,0.09819734345351043,-0.16600707173347473,0.7016268556758567
InjecAgent,0.0,0.09867172675521822,-0.1657109260559082,0.7016268556758567
InjecAgent,0.0,0.099146110056926,-0.16569122672080994,0.7016268556758567
InjecAgent,0.0,0.09962049335863378,-0.16499972343444824,0.7016268556758567
InjecAgent,0.0,0.10009487666034156,-0.16469666361808777,0.7016268556758567
InjecAgent,0.0,0.10056925996204934,-0.1643969714641571,0.7016268556758567
InjecAgent,0.0,0.10104364326375712,-0.1643866002559662,0.7016268556758567
InjecAgent,0.0,0.1015180265654649,-0.16423749923706055,0.7016268556758567
InjecAgent,0.0,0.10199240986717267,-0.16380485892295837,0.7016268556758567
InjecAgent,0.0,0.10246679316888045,-0.16365909576416016,0.7016268556758567
InjecAgent,0.0,0.10294117647058823,-0.16331487894058228,0.7016268556758567
InjecAgent,0.0,0.10341555977229601,-0.1631617546081543,0.7016268556758567
InjecAgent,0.0,0.1038899430740038,-0.1629902720451355,0.7016268556758567
InjecAgent,0.0,0.10436432637571158,-0.16291773319244385,0.7016268556758567
InjecAgent,0.0,0.10483870967741936,-0.1627892255783081,0.7016268556758567
InjecAgent,0.0,0.10531309297912714,-0.1627538800239563,0.7016268556758567
InjecAgent,0.0,0.10578747628083492,-0.16267967224121094,0.7016268556758567
InjecAgent,0.0,0.1062618595825427,-0.16263407468795776,0.7016268556758567
InjecAgent,0.0,0.10673624288425047,-0.16226595640182495,0.7016268556758567
InjecAgent,0.0,0.10721062618595825,-0.16187375783920288,0.7016268556758567
InjecAgent,0.0,0.10768500948766603,-0.16158568859100342,0.7016268556758567
InjecAgent,0.0,0.10815939278937381,-0.1615290343761444,0.7016268556758567
InjecAgent,0.0,0.10863377609108159,-0.16130396723747253,0.7016268556758567
InjecAgent,0.0,0.10910815939278938,-0.16113853454589844,0.7016268556758567
InjecAgent,0.0,0.10958254269449716,-0.16105931997299194,0.7016268556758567
InjecAgent,0.0,0.11005692599620494,-0.1610550880432129,0.7016268556758567
InjecAgent,0.0,0.11053130929791272,-0.16068339347839355,0.7016268556758567
InjecAgent,0.0,0.1110056925996205,-0.16049224138259888,0.7016268556758567
InjecAgent,0.0,0.11148007590132827,-0.16033387184143066,0.7016268556758567
InjecAgent,0.0,0.11195445920303605,-0.16018354892730713,0.7016268556758567
InjecAgent,0.0,0.11242884250474383,-0.1601598560810089,0.7016268556758567
InjecAgent,0.0,0.11290322580645161,-0.1600804328918457,0.7016268556758567
InjecAgent,0.0,0.11337760910815939,-0.1598517894744873,0.7016268556758567
InjecAgent,0.0,0.11385199240986717,-0.1589764952659607,0.7016268556758567
InjecAgent,0.0,0.11432637571157495,-0.15878865122795105,0.7016268556758567
InjecAgent,0.0,0.11480075901328274,-0.15877795219421387,0.7016268556758567
InjecAgent,0.0,0.11527514231499052,-0.15862101316452026,0.7016268556758567
InjecAgent,0.0,0.1157495256166983,-0.15827858448028564,0.7016268556758567
InjecAgent,0.0,0.11622390891840607,-0.15819793939590454,0.7016268556758567
InjecAgent,0.0,0.11669829222011385,-0.15784579515457153,0.7016268556758567
InjecAgent,0.0,0.11717267552182163,-0.15755128860473633,0.7016268556758567
InjecAgent,0.0,0.11764705882352941,-0.15736371278762817,0.7016268556758567
InjecAgent,0.0,0.11812144212523719,-0.15735960006713867,0.7016268556758567
InjecAgent,0.0,0.11859582542694497,-0.15734988451004028,0.7016268556758567
InjecAgent,0.0,0.11907020872865275,-0.1573343276977539,0.7016268556758567
InjecAgent,0.0,0.11954459203036052,-0.1572902798652649,0.7016268556758567
InjecAgent,0.0,0.12001897533206832,-0.15688729286193848,0.7016268556758567
InjecAgent,0.0,0.1204933586337761,-0.15635943412780762,0.7016268556758567
InjecAgent,0.0,0.12096774193548387,-0.15580007433891296,0.7016268556758567
InjecAgent,0.0,0.12144212523719165,-0.15576231479644775,0.7016268556758567
InjecAgent,0.0,0.12191650853889943,-0.15575450658798218,0.7016268556758567
InjecAgent,0.0,0.12239089184060721,-0.15565192699432373,0.7016268556758567
InjecAgent,0.0,0.12286527514231499,-0.15540117025375366,0.7016268556758567
InjecAgent,0.0,0.12333965844402277,-0.15509682893753052,0.7016268556758567
InjecAgent,0.0,0.12381404174573055,-0.15503594279289246,0.7016268556758567
InjecAgent,0.0,0.12428842504743833,-0.1546781063079834,0.7016268556758567
InjecAgent,0.0,0.1247628083491461,-0.1544325053691864,0.7016268556758567
InjecAgent,0.0,0.1252371916508539,-0.15437650680541992,0.7016268556758567
InjecAgent,0.0,0.12571157495256166,-0.1538015604019165,0.7016268556758567
InjecAgent,0.0,0.12618595825426945,-0.15371167659759521,0.7016268556758567
InjecAgent,0.0,0.12666034155597722,-0.15343546867370605,0.7016268556758567
InjecAgent,0.0,0.127134724857685,-0.15339761972427368,0.7016268556758567
InjecAgent,0.0,0.12760910815939278,-0.15334808826446533,0.7016268556758567
InjecAgent,0.0,0.12808349146110057,-0.15333890914916992,0.7016268556758567
InjecAgent,0.0,0.12855787476280836,-0.15328431129455566,0.7016268556758567
InjecAgent,0.0,0.12903225806451613,-0.1532045602798462,0.7016268556758567
InjecAgent,0.0,0.12950664136622392,-0.15308108925819397,0.7016268556758567
InjecAgent,0.0,0.12998102466793168,-0.1529828906059265,0.7016268556758567
InjecAgent,0.0,0.13045540796963948,-0.15297561883926392,0.7016268556758567
InjecAgent,0.0,0.13092979127134724,-0.15265172719955444,0.7016268556758567
InjecAgent,0.0,0.13140417457305503,-0.15262740850448608,0.7016268556758567
InjecAgent,0.0,0.1318785578747628,-0.15253081917762756,0.7016268556758567
InjecAgent,0.0,0.1323529411764706,-0.1523776650428772,0.7016268556758567
InjecAgent,0.0,0.13282732447817835,-0.15228712558746338,0.7016268556758567
InjecAgent,0.0,0.13330170777988615,-0.15208709239959717,0.7016268556758567
InjecAgent,0.0,0.13377609108159394,-0.15205895900726318,0.7016268556758567
InjecAgent,0.0,0.1342504743833017,-0.1520426869392395,0.7016268556758567
InjecAgent,0.0,0.1347248576850095,-0.1520402431488037,0.7016268556758567
InjecAgent,0.0,0.13519924098671726,-0.15176725387573242,0.7016268556758567
InjecAgent,0.0,0.13567362428842505,-0.15167492628097534,0.7016268556758567
InjecAgent,0.0,0.13614800759013282,-0.15153610706329346,0.7016268556758567
InjecAgent,0.0,0.1366223908918406,-0.15150004625320435,0.7016268556758567
InjecAgent,0.0,0.13709677419354838,-0.151495099067688,0.7016268556758567
InjecAgent,0.0,0.13757115749525617,-0.15109944343566895,0.7016268556758567
InjecAgent,0.0,0.13804554079696393,-0.15078938007354736,0.7016268556758567
InjecAgent,0.0,0.13851992409867173,-0.15041303634643555,0.7016268556758567
InjecAgent,0.0,0.13899430740037952,-0.1504039168357849,0.7016268556758567
InjecAgent,0.0,0.13946869070208728,-0.15020287036895752,0.7016268556758567
InjecAgent,0.0,0.13994307400379508,-0.1501375436782837,0.7016268556758567
InjecAgent,0.0,0.14041745730550284,-0.14995157718658447,0.7016268556758567
InjecAgent,0.0,0.14089184060721063,-0.14983436465263367,0.7016268556758567
InjecAgent,0.0,0.1413662239089184,-0.14976346492767334,0.7016268556758567
InjecAgent,0.0,0.1418406072106262,-0.14870190620422363,0.7016268556758567
InjecAgent,0.0,0.14231499051233396,-0.14832675457000732,0.7016268556758567
InjecAgent,0.0,0.14278937381404175,-0.148307204246521,0.7016268556758567
InjecAgent,0.0,0.1432637571157495,-0.14808833599090576,0.7016268556758567
InjecAgent,0.0,0.1437381404174573,-0.1478440761566162,0.7016268556758567
InjecAgent,0.0,0.1442125237191651,-0.14763513207435608,0.7016268556758567
InjecAgent,0.0,0.14468690702087286,-0.14731600880622864,0.7016268556758567
InjecAgent,0.0,0.14516129032258066,-0.14723998308181763,0.7016268556758567
InjecAgent,0.0,0.14563567362428842,-0.14699417352676392,0.7016268556758567
InjecAgent,0.0,0.1461100569259962,-0.14661234617233276,0.7016268556758567
InjecAgent,0.0,0.14658444022770398,-0.1461593508720398,0.7016268556758567
InjecAgent,0.0,0.14705882352941177,-0.1461530327796936,0.7016268556758567
InjecAgent,0.0,0.14753320683111953,-0.14613407850265503,0.7016268556758567
InjecAgent,0.0,0.14800759013282733,-0.14604413509368896,0.7016268556758567
InjecAgent,0.0,0.1484819734345351,-0.1458987593650818,0.7016268556758567
InjecAgent,0.0,0.14895635673624288,-0.14553144574165344,0.7016268556758567
InjecAgent,0.0,0.14943074003795068,-0.1454082727432251,0.7016268556758567
InjecAgent,0.0,0.14990512333965844,-0.14526790380477905,0.7016268556758567
InjecAgent,0.0,0.15037950664136623,-0.1451292634010315,0.7016268556758567
InjecAgent,0.0,0.150853889943074,-0.1444023847579956,0.7016268556758567
InjecAgent,0.0,0.1513282732447818,-0.1442052125930786,0.7016268556758567
InjecAgent,0.0,0.15180265654648956,-0.14407885074615479,0.7016268556758567
InjecAgent,0.0,0.15227703984819735,-0.14405107498168945,0.7016268556758567
InjecAgent,0.0,0.1527514231499051,-0.1439477503299713,0.7016268556758567
InjecAgent,0.0,0.1532258064516129,-0.14386683702468872,0.7016268556758567
InjecAgent,0.0,0.15370018975332067,-0.14383715391159058,0.7016268556758567
InjecAgent,0.0,0.15417457305502846,-0.14364540576934814,0.7016268556758567
InjecAgent,0.0,0.15464895635673626,-0.14348679780960083,0.7016268556758567
InjecAgent,0.0,0.15512333965844402,-0.14333948493003845,0.7016268556758567
InjecAgent,0.0,0.1555977229601518,-0.1431434154510498,0.7016268556758567
InjecAgent,0.0,0.15607210626185958,-0.1429932713508606,0.7016268556758567
InjecAgent,0.0,0.15654648956356737,-0.14281320571899414,0.7016268556758567
InjecAgent,0.0,0.15702087286527514,-0.14272570610046387,0.7016268556758567
InjecAgent,0.0,0.15749525616698293,-0.14270752668380737,0.7016268556758567
InjecAgent,0.0,0.1579696394686907,-0.14212214946746826,0.7016268556758567
InjecAgent,0.0,0.15844402277039848,-0.1420310139656067,0.7016268556758567
InjecAgent,0.0,0.15891840607210625,-0.14132177829742432,0.7016268556758567
InjecAgent,0.0,0.15939278937381404,-0.14126455783843994,0.7016268556758567
InjecAgent,0.0,0.15986717267552183,-0.14088010787963867,0.7016268556758567
InjecAgent,0.0,0.1603415559772296,-0.1405797004699707,0.7016268556758567
InjecAgent,0.0,0.1608159392789374,-0.14042985439300537,0.7016268556758567
InjecAgent,0.0,0.16129032258064516,-0.140110045671463,0.7016268556758567
InjecAgent,0.0,0.16176470588235295,-0.13994789123535156,0.7016268556758567
InjecAgent,0.0,0.16223908918406071,-0.13958069682121277,0.7016268556758567
InjecAgent,0.0,0.1627134724857685,-0.13956999778747559,0.7016268556758567
InjecAgent,0.0,0.16318785578747627,-0.13912087678909302,0.7016268556758567
InjecAgent,0.0,0.16366223908918406,-0.13885962963104248,0.7016268556758567
InjecAgent,0.0,0.16413662239089183,-0.13880044221878052,0.7016268556758567
InjecAgent,0.0,0.16461100569259962,-0.13826751708984375,0.7016268556758567
InjecAgent,0.0,0.1650853889943074,-0.13826501369476318,0.7016268556758567
InjecAgent,0.0,0.16555977229601518,-0.13752895593643188,0.7016268556758567
InjecAgent,0.0,0.16603415559772297,-0.1372436285018921,0.7016268556758567
InjecAgent,0.0,0.16650853889943074,-0.1370537281036377,0.7016268556758567
InjecAgent,0.0,0.16698292220113853,-0.13700729608535767,0.7016268556758567
InjecAgent,0.0,0.1674573055028463,-0.13685214519500732,0.7016268556758567
InjecAgent,0.0,0.16793168880455409,-0.1363999843597412,0.7016268556758567
InjecAgent,0.0,0.16840607210626185,-0.13613736629486084,0.7016268556758567
InjecAgent,0.0,0.16888045540796964,-0.135989248752594,0.7016268556758567
InjecAgent,0.0,0.1693548387096774,-0.1358981430530548,0.7016268556758567
InjecAgent,0.0,0.1698292220113852,-0.13564598560333252,0.7016268556758567
InjecAgent,0.0,0.170303605313093,-0.13550937175750732,0.7016268556758567
InjecAgent,0.0,0.17077798861480076,-0.1352454423904419,0.7016268556758567
InjecAgent,0.0,0.17125237191650855,-0.13516521453857422,0.7016268556758567
InjecAgent,0.0,0.17172675521821631,-0.13507461547851562,0.7016268556758567
InjecAgent,0.0,0.1722011385199241,-0.13503092527389526,0.7016268556758567
InjecAgent,0.0,0.17267552182163187,-0.1348094940185547,0.7016268556758567
InjecAgent,0.0,0.17314990512333966,-0.13470888137817383,0.7016268556758567
InjecAgent,0.0,0.17362428842504743,-0.13462281227111816,0.7016268556758567
InjecAgent,0.0,0.17409867172675522,-0.13447034358978271,0.7016268556758567
InjecAgent,0.0,0.174573055028463,-0.1344470977783203,0.7016268556758567
InjecAgent,0.0,0.17504743833017078,-0.13404232263565063,0.7016268556758567
InjecAgent,0.0,0.17552182163187854,-0.13386225700378418,0.7016268556758567
InjecAgent,0.0,0.17599620493358634,-0.13346928358078003,0.7016268556758567
InjecAgent,0.0,0.17647058823529413,-0.13336408138275146,0.7016268556758567
InjecAgent,0.0,0.1769449715370019,-0.133231520652771,0.7016268556758567
InjecAgent,0.0,0.1774193548387097,-0.13281649351119995,0.7016268556758567
InjecAgent,0.0,0.17789373814041745,-0.1325780749320984,0.7016268556758567
InjecAgent,0.0,0.17836812144212524,-0.132178395986557,0.7016268556758567
InjecAgent,0.0,0.178842504743833,-0.13213491439819336,0.7016268556758567
InjecAgent,0.0,0.1793168880455408,-0.1317978799343109,0.7016268556758567
InjecAgent,0.0,0.17979127134724857,-0.1315043568611145,0.7016268556758567
InjecAgent,0.0,0.18026565464895636,-0.13146162033081055,0.7016268556758567
InjecAgent,0.0,0.18074003795066412,-0.13079655170440674,0.7016268556758567
InjecAgent,0.0,0.18121442125237192,-0.1307237148284912,0.7016268556758567
InjecAgent,0.0,0.1816888045540797,-0.13052809238433838,0.7016268556758567
InjecAgent,0.0,0.18216318785578747,-0.13039550185203552,0.7016268556758567
InjecAgent,0.0,0.18263757115749527,-0.1303313970565796,0.7016268556758567
InjecAgent,0.0,0.18311195445920303,-0.12969589233398438,0.7016268556758567
InjecAgent,0.0,0.18358633776091082,-0.12954449653625488,0.7016268556758567
InjecAgent,0.0,0.1840607210626186,-0.12947547435760498,0.7016268556758567
InjecAgent,0.0,0.18453510436432638,-0.12916195392608643,0.7016268556758567
InjecAgent,0.0,0.18500948766603414,-0.1290903389453888,0.7016268556758567
InjecAgent,0.0,0.18548387096774194,-0.1284601092338562,0.7016268556758567
InjecAgent,0.0,0.1859582542694497,-0.12838134169578552,0.7016268556758567
InjecAgent,0.0,0.1864326375711575,-0.12835803627967834,0.7016268556758567
InjecAgent,0.0,0.1869070208728653,-0.12834370136260986,0.7016268556758567
InjecAgent,0.0,0.18738140417457305,-0.12822845578193665,0.7016268556758567
InjecAgent,0.0,0.18785578747628084,-0.12816643714904785,0.7016268556758567
InjecAgent,0.0,0.1883301707779886,-0.12794575095176697,0.7016268556758567
InjecAgent,0.0,0.1888045540796964,-0.12770456075668335,0.7016268556758567
InjecAgent,0.0,0.18927893738140417,-0.1276463270187378,0.7016268556758567
InjecAgent,0.0,0.18975332068311196,-0.12738046050071716,0.7016268556758567
InjecAgent,0.0,0.19022770398481972,-0.1273047924041748,0.7016268556758567
InjecAgent,0.0,0.19070208728652752,-0.127008318901062,0.7016268556758567
InjecAgent,0.0,0.19117647058823528,-0.12694603204727173,0.7016268556758567
InjecAgent,0.0,0.19165085388994307,-0.1267191469669342,0.7016268556758567
InjecAgent,0.0,0.19212523719165087,-0.12669086456298828,0.7016268556758567
InjecAgent,0.0,0.19259962049335863,-0.1265634298324585,0.7016268556758567
InjecAgent,0.0,0.19307400379506642,-0.12631964683532715,0.7016268556758567
InjecAgent,0.0,0.1935483870967742,-0.12630057334899902,0.7016268556758567
InjecAgent,0.0,0.19402277039848198,-0.12560826539993286,0.7016268556758567
InjecAgent,0.0,0.19449715370018975,-0.12555837631225586,0.7016268556758567
InjecAgent,0.0,0.19497153700189754,-0.12531983852386475,0.7016268556758567
InjecAgent,0.0,0.1954459203036053,-0.1251102089881897,0.7016268556758567
InjecAgent,0.0,0.1959203036053131,-0.1250775158405304,0.7016268556758567
InjecAgent,0.0,0.19639468690702086,-0.12505793571472168,0.7016268556758567
InjecAgent,0.0,0.19686907020872865,-0.1247696578502655,0.7016268556758567
InjecAgent,0.0,0.19734345351043645,-0.12463665008544922,0.7016268556758567
InjecAgent,0.0,0.1978178368121442,-0.12450861930847168,0.7016268556758567
InjecAgent,0.0,0.198292220113852,-0.12435376644134521,0.7016268556758567
InjecAgent,0.0,0.19876660341555977,-0.12400758266448975,0.7016268556758567
InjecAgent,0.0,0.19924098671726756,-0.12400087714195251,0.7016268556758567
InjecAgent,0.0,0.19971537001897532,-0.12326991558074951,0.7016268556758567
InjecAgent,0.0,0.20018975332068312,-0.12319111824035645,0.7016268556758567
InjecAgent,0.0,0.20066413662239088,-0.12304973602294922,0.7016268556758567
InjecAgent,0.0,0.20113851992409867,-0.12285351753234863,0.7016268556758567
InjecAgent,0.0,0.20161290322580644,-0.12240159511566162,0.7016268556758567
InjecAgent,0.0,0.20208728652751423,-0.1222933828830719,0.7016268556758567
InjecAgent,0.0,0.20256166982922202,-0.12225592136383057,0.7016268556758567
InjecAgent,0.0,0.2030360531309298,-0.12224748730659485,0.7016268556758567
InjecAgent,0.0,0.20351043643263758,-0.12194114923477173,0.7016268556758567
InjecAgent,0.0,0.20398481973434535,-0.12170255184173584,0.7016268556758567
InjecAgent,0.0,0.20445920303605314,-0.12135323882102966,0.7016268556758567
InjecAgent,0.0,0.2049335863377609,-0.12120446562767029,0.7016268556758567
InjecAgent,0.0,0.2054079696394687,-0.12109959125518799,0.7016268556758567
InjecAgent,0.0,0.20588235294117646,-0.12092840671539307,0.7016268556758567
InjecAgent,0.0,0.20635673624288425,-0.1207866370677948,0.7016268556758567
InjecAgent,0.0,0.20683111954459202,-0.12074565887451172,0.7016268556758567
InjecAgent,0.0,0.2073055028462998,-0.12064549326896667,0.7016268556758567
InjecAgent,0.0,0.2077798861480076,-0.12048295140266418,0.7016268556758567
InjecAgent,0.0,0.20825426944971537,-0.12032163143157959,0.7016268556758567
InjecAgent,0.0,0.20872865275142316,-0.1202726662158966,0.7016268556758567
InjecAgent,0.0,0.20920303605313093,-0.12017571926116943,0.7016268556758567
InjecAgent,0.0,0.20967741935483872,-0.12016618251800537,0.7016268556758567
InjecAgent,0.0,0.21015180265654648,-0.11999499797821045,0.7016268556758567
InjecAgent,0.0,0.21062618595825428,-0.11964643001556396,0.7016268556758567
InjecAgent,0.0,0.21110056925996204,-0.11960089206695557,0.7016268556758567
InjecAgent,0.0,0.21157495256166983,-0.11923420429229736,0.7016268556758567
InjecAgent,0.0,0.2120493358633776,-0.11901974678039551,0.7016268556758567
InjecAgent,0.0,0.2125237191650854,-0.1189781129360199,0.7016268556758567
InjecAgent,0.0,0.21299810246679318,-0.1188468337059021,0.7016268556758567
InjecAgent,0.0,0.21347248576850095,-0.11874830722808838,0.7016268556758567
InjecAgent,0.0,0.21394686907020874,-0.11835670471191406,0.7016268556758567
InjecAgent,0.0,0.2144212523719165,-0.11830508708953857,0.7016268556758567
InjecAgent,0.0,0.2148956356736243,-0.11816534399986267,0.7016268556758567
InjecAgent,0.0,0.21537001897533206,-0.11783969402313232,0.7016268556758567
InjecAgent,0.0,0.21584440227703985,-0.11775708198547363,0.7016268556758567
InjecAgent,0.0,0.21631878557874762,-0.11773681640625,0.7016268556758567
InjecAgent,0.0,0.2167931688804554,-0.1176232397556305,0.7016268556758567
InjecAgent,0.0,0.21726755218216318,-0.11762142181396484,0.7016268556758567
InjecAgent,0.0,0.21774193548387097,-0.11760705709457397,0.7016268556758567
InjecAgent,0.0,0.21821631878557876,-0.11747920513153076,0.7016268556758567
InjecAgent,0.0,0.21869070208728653,-0.11738300323486328,0.7016268556758567
InjecAgent,0.0,0.21916508538899432,-0.11696833372116089,0.7016268556758567
InjecAgent,0.0,0.21963946869070208,-0.116767019033432,0.7016268556758567
InjecAgent,0.0,0.22011385199240988,-0.11660933494567871,0.7016268556758567
InjecAgent,0.0,0.22058823529411764,-0.11652213335037231,0.7016268556758567
InjecAgent,0.0,0.22106261859582543,-0.11652123928070068,0.7016268556758567
InjecAgent,0.0,0.2215370018975332,-0.11634081602096558,0.7016268556758567
InjecAgent,0.0,0.222011385199241,-0.11597415804862976,0.7016268556758567
InjecAgent,0.0,0.22248576850094876,-0.11596596240997314,0.7016268556758567
InjecAgent,0.0,0.22296015180265655,-0.11564475297927856,0.7016268556758567
InjecAgent,0.0,0.22343453510436434,-0.11553329229354858,0.7016268556758567
InjecAgent,0.0,0.2239089184060721,-0.11526012420654297,0.7016268556758567
InjecAgent,0.0,0.2243833017077799,-0.11512553691864014,0.7016268556758567
InjecAgent,0.0,0.22485768500948766,-0.11475330591201782,0.7016268556758567
InjecAgent,0.0,0.22533206831119545,-0.11464789509773254,0.7016268556758567
InjecAgent,0.0,0.22580645161290322,-0.11437737941741943,0.7016268556758567
InjecAgent,0.0,0.226280834914611,-0.11430668830871582,0.7016268556758567
InjecAgent,0.0,0.22675521821631878,-0.1142052412033081,0.7016268556758567
InjecAgent,0.0,0.22722960151802657,-0.11401402950286865,0.7016268556758567
InjecAgent,0.0,0.22770398481973433,-0.11398082971572876,0.7016268556758567
InjecAgent,0.0,0.22817836812144213,-0.11384138464927673,0.7016268556758567
InjecAgent,0.0,0.2286527514231499,-0.11361297965049744,0.7016268556758567
InjecAgent,0.0,0.22912713472485768,-0.1135779619216919,0.7016268556758567
InjecAgent,0.0,0.22960151802656548,-0.11350321769714355,0.7016268556758567
InjecAgent,0.0,0.23007590132827324,-0.11333262920379639,0.7016268556758567
InjecAgent,0.0,0.23055028462998103,-0.11306533217430115,0.7016268556758567
InjecAgent,0.0,0.2310246679316888,-0.1129419207572937,0.7016268556758567
InjecAgent,0.0,0.2314990512333966,-0.11272275447845459,0.7016268556758567
InjecAgent,0.0,0.23197343453510436,-0.1127004623413086,0.7016268556758567
InjecAgent,0.0,0.23244781783681215,-0.11236074566841125,0.7016268556758567
InjecAgent,0.0,0.2329222011385199,-0.11222773790359497,0.7016268556758567
InjecAgent,0.0,0.2333965844402277,-0.11218887567520142,0.7016268556758567
InjecAgent,0.0,0.23387096774193547,-0.11215284466743469,0.7016268556758567
InjecAgent,0.0,0.23434535104364326,-0.11211279034614563,0.7016268556758567
InjecAgent,0.0,0.23481973434535106,-0.11210542917251587,0.7016268556758567
InjecAgent,0.0,0.23529411764705882,-0.11169254779815674,0.7016268556758567
InjecAgent,0.0,0.2357685009487666,-0.11146926879882812,0.7016268556758567
InjecAgent,0.0,0.23624288425047438,-0.11131542921066284,0.7016268556758567
InjecAgent,0.0,0.23671726755218217,-0.11127251386642456,0.7016268556758567
InjecAgent,0.0,0.23719165085388993,-0.11102214455604553,0.7016268556758567
InjecAgent,0.0,0.23766603415559773,-0.11091077327728271,0.7016268556758567
InjecAgent,0.0,0.2381404174573055,-0.1104399561882019,0.7016268556758567
InjecAgent,0.0,0.23861480075901328,-0.11043453216552734,0.7016268556758567
InjecAgent,0.0,0.23908918406072105,-0.11035370826721191,0.7016268556758567
InjecAgent,0.0,0.23956356736242884,-0.1102132797241211,0.7016268556758567
InjecAgent,0.0,0.24003795066413663,-0.11011254787445068,0.7016268556758567
InjecAgent,0.0,0.2405123339658444,-0.11007356643676758,0.7016268556758567
InjecAgent,0.0,0.2409867172675522,-0.1100316047668457,0.7016268556758567
InjecAgent,0.0,0.24146110056925996,-0.10958003997802734,0.7016268556758567
InjecAgent,0.0,0.24193548387096775,-0.1094006597995758,0.7016268556758567
InjecAgent,0.0,0.2424098671726755,-0.10921362042427063,0.7016268556758567
InjecAgent,0.0,0.2428842504743833,-0.1092069149017334,0.7016268556758567
InjecAgent,0.0,0.24335863377609107,-0.10915544629096985,0.7016268556758567
InjecAgent,0.0,0.24383301707779886,-0.10895925760269165,0.7016268556758567
InjecAgent,0.0,0.24430740037950663,-0.10884028673171997,0.7016268556758567
InjecAgent,0.0,0.24478178368121442,-0.10882580280303955,0.7016268556758567
InjecAgent,0.0,0.2452561669829222,-0.10880720615386963,0.7016268556758567
InjecAgent,0.0,0.24573055028462998,-0.10866570472717285,0.7016268556758567
InjecAgent,0.0,0.24620493358633777,-0.10857263207435608,0.7016268556758567
InjecAgent,0.0,0.24667931688804554,-0.10848253965377808,0.7016268556758567
InjecAgent,0.0,0.24715370018975333,-0.10847693681716919,0.7016268556758567
InjecAgent,0.0,0.2476280834914611,-0.10843563079833984,0.7016268556758567
InjecAgent,0.0,0.24810246679316889,-0.10832211375236511,0.7016268556758567
InjecAgent,0.0,0.24857685009487665,-0.10823005437850952,0.7016268556758567
InjecAgent,0.0,0.24905123339658444,-0.10811397433280945,0.7016268556758567
InjecAgent,0.0,0.2495256166982922,-0.10783302783966064,0.7016268556758567
InjecAgent,0.0,0.25,-0.1077718734741211,0.7016268556758567
InjecAgent,0.0,0.2504743833017078,-0.10774487257003784,0.7016268556758567
InjecAgent,0.0,0.2509487666034156,-0.1076427698135376,0.7016268556758567
InjecAgent,0.0,0.2514231499051233,-0.10753583908081055,0.7016268556758567
InjecAgent,0.0,0.2518975332068311,-0.10743653774261475,0.7016268556758567
InjecAgent,0.0,0.2523719165085389,-0.10704275965690613,0.7016268556758567
InjecAgent,0.0,0.2528462998102467,-0.1070283055305481,0.7016268556758567
InjecAgent,0.0,0.25332068311195444,-0.10688197612762451,0.7016268556758567
InjecAgent,0.0,0.25379506641366223,-0.1068650484085083,0.7016268556758567
InjecAgent,0.0,0.25426944971537,-0.106833815574646,0.7016268556758567
InjecAgent,0.0,0.2547438330170778,-0.10682624578475952,0.7016268556758567
InjecAgent,0.0,0.25521821631878555,-0.10655856132507324,0.7016268556758567
InjecAgent,0.0,0.25569259962049334,-0.10644662380218506,0.7016268556758567
InjecAgent,0.0,0.25616698292220114,-0.10606250166893005,0.7016268556758567
InjecAgent,0.0,0.25664136622390893,-0.10602566599845886,0.7016268556758567
InjecAgent,0.0,0.2571157495256167,-0.10573095083236694,0.7016268556758567
InjecAgent,0.0,0.25759013282732446,-0.10548651218414307,0.7016268556758567
InjecAgent,0.0,0.25806451612903225,-0.10522890090942383,0.7016268556758567
InjecAgent,0.0,0.25853889943074004,-0.10516795516014099,0.7016268556758567
InjecAgent,0.0,0.25901328273244784,-0.10505849123001099,0.7016268556758567
InjecAgent,0.0,0.2594876660341556,-0.10484731197357178,0.7016268556758567
InjecAgent,0.0,0.25996204933586337,-0.10467812418937683,0.7016268556758567
InjecAgent,0.0,0.26043643263757116,-0.10456007719039917,0.7016268556758567
InjecAgent,0.0,0.26091081593927895,-0.1044861376285553,0.7016268556758567
InjecAgent,0.0,0.26138519924098674,-0.10438740253448486,0.7016268556758567
InjecAgent,0.0,0.2618595825426945,-0.10429060459136963,0.7016268556758567
InjecAgent,0.0,0.2623339658444023,-0.10422861576080322,0.7016268556758567
InjecAgent,0.0,0.26280834914611007,-0.10415893793106079,0.7016268556758567
InjecAgent,0.0,0.26328273244781786,-0.10414838790893555,0.7016268556758567
InjecAgent,0.0,0.2637571157495256,-0.10406267642974854,0.7016268556758567
InjecAgent,0.0,0.2642314990512334,-0.10393139719963074,0.7016268556758567
InjecAgent,0.0,0.2647058823529412,-0.10379856824874878,0.7016268556758567
InjecAgent,0.0,0.265180265654649,-0.10376507043838501,0.7016268556758567
InjecAgent,0.0,0.2656546489563567,-0.10342985391616821,0.7016268556758567
InjecAgent,0.0,0.2661290322580645,-0.10338711738586426,0.7016268556758567
InjecAgent,0.0,0.2666034155597723,-0.10338610410690308,0.7016268556758567
InjecAgent,0.0,0.2670777988614801,-0.10336804389953613,0.7016268556758567
InjecAgent,0.0,0.2675521821631879,-0.10325431823730469,0.7016268556758567
InjecAgent,0.0,0.2680265654648956,-0.10285958647727966,0.7016268556758567
InjecAgent,0.0,0.2685009487666034,-0.10285913944244385,0.7016268556758567
InjecAgent,0.0,0.2689753320683112,-0.10270476341247559,0.7016268556758567
InjecAgent,0.0,0.269449715370019,-0.10267305374145508,0.7016268556758567
InjecAgent,0.0,0.26992409867172673,-0.10241398215293884,0.7016268556758567
InjecAgent,0.0,0.2703984819734345,-0.10227584838867188,0.7016268556758567
InjecAgent,0.0,0.2708728652751423,-0.10225164890289307,0.7016268556758567
InjecAgent,0.0,0.2713472485768501,-0.10218057036399841,0.7016268556758567
InjecAgent,0.0,0.2718216318785579,-0.10210561752319336,0.7016268556758567
InjecAgent,0.0,0.27229601518026564,-0.10203945636749268,0.7016268556758567
InjecAgent,0.0,0.27277039848197343,-0.10167074203491211,0.7016268556758567
InjecAgent,0.0,0.2732447817836812,-0.10139548778533936,0.7016268556758567
InjecAgent,0.0,0.273719165085389,-0.10136497020721436,0.7016268556758567
InjecAgent,0.0,0.27419354838709675,-0.10128265619277954,0.7016268556758567
InjecAgent,0.0,0.27466793168880455,-0.1012427806854248,0.7016268556758567
InjecAgent,0.0,0.27514231499051234,-0.10109555721282959,0.7016268556758567
InjecAgent,0.0,0.27561669829222013,-0.10108798742294312,0.7016268556758567
InjecAgent,0.0,0.27609108159392787,-0.10106503963470459,0.7016268556758567
InjecAgent,0.0,0.27656546489563566,-0.10102564096450806,0.7016268556758567
InjecAgent,0.0,0.27703984819734345,-0.10099375247955322,0.7016268556758567
InjecAgent,0.0,0.27751423149905124,-0.10081642866134644,0.7016268556758567
InjecAgent,0.0,0.27798861480075904,-0.10069084167480469,0.7016268556758567
InjecAgent,0.0,0.2784629981024668,-0.10063737630844116,0.7016268556758567
InjecAgent,0.0,0.27893738140417457,-0.10060039162635803,0.7016268556758567
InjecAgent,0.0,0.27941176470588236,-0.10046476125717163,0.7016268556758567
InjecAgent,0.0,0.27988614800759015,-0.10010111331939697,0.7016268556758567
InjecAgent,0.0,0.2803605313092979,-0.10004043579101562,0.7016268556758567
InjecAgent,0.0,0.2808349146110057,-0.09968528151512146,0.7016268556758567
InjecAgent,0.0,0.2813092979127135,-0.09932327270507812,0.7016268556758567
InjecAgent,0.0,0.28178368121442127,-0.09910988807678223,0.7016268556758567
InjecAgent,0.0,0.28225806451612906,-0.09901738166809082,0.7016268556758567
InjecAgent,0.0,0.2827324478178368,-0.09900879859924316,0.7016268556758567
InjecAgent,0.0,0.2832068311195446,-0.09899210929870605,0.7016268556758567
InjecAgent,0.0,0.2836812144212524,-0.09876897931098938,0.7016268556758567
InjecAgent,0.0,0.2841555977229602,-0.09872537851333618,0.7016268556758567
InjecAgent,0.0,0.2846299810246679,-0.09870532155036926,0.7016268556758567
InjecAgent,0.0,0.2851043643263757,-0.09832155704498291,0.7016268556758567
InjecAgent,0.0,0.2855787476280835,-0.09829831123352051,0.7016268556758567
InjecAgent,0.0,0.2860531309297913,-0.09827849268913269,0.7016268556758567
InjecAgent,0.0,0.286527514231499,-0.098236083984375,0.7016268556758567
InjecAgent,0.0,0.2870018975332068,-0.09805673360824585,0.7016268556758567
InjecAgent,0.0,0.2874762808349146,-0.09805452823638916,0.7016268556758567
InjecAgent,0.0,0.2879506641366224,-0.09800517559051514,0.7016268556758567
InjecAgent,0.0,0.2884250474383302,-0.0979762077331543,0.7016268556758567
InjecAgent,0.0,0.28889943074003793,-0.0975382924079895,0.7016268556758567
InjecAgent,0.0,0.2893738140417457,-0.09745076298713684,0.7016268556758567
InjecAgent,0.0,0.2898481973434535,-0.09736070036888123,0.7016268556758567
InjecAgent,0.0,0.2903225806451613,-0.09733700752258301,0.7016268556758567
InjecAgent,0.0,0.29079696394686905,-0.09724819660186768,0.7016268556758567
InjecAgent,0.0,0.29127134724857684,-0.0968470573425293,0.7016268556758567
InjecAgent,0.0,0.29174573055028463,-0.09617754817008972,0.7016268556758567
InjecAgent,0.0,0.2922201138519924,-0.09605616331100464,0.7016268556758567
InjecAgent,0.0,0.2926944971537002,-0.09599673748016357,0.7016268556758567
InjecAgent,0.0,0.29316888045540795,-0.09594085812568665,0.7016268556758567
InjecAgent,0.0,0.29364326375711575,-0.09591731429100037,0.7016268556758567
InjecAgent,0.0,0.29411764705882354,-0.09586209058761597,0.7016268556758567
InjecAgent,0.0,0.29459203036053133,-0.09579789638519287,0.7016268556758567
InjecAgent,0.0,0.29506641366223907,-0.09574615955352783,0.7016268556758567
InjecAgent,0.0,0.29554079696394686,-0.09562182426452637,0.7016268556758567
InjecAgent,0.0,0.29601518026565465,-0.0955580472946167,0.7016268556758567
InjecAgent,0.0,0.29648956356736245,-0.09543043375015259,0.7016268556758567
InjecAgent,0.0,0.2969639468690702,-0.09510886669158936,0.7016268556758567
InjecAgent,0.0,0.297438330170778,-0.0950968861579895,0.7016268556758567
InjecAgent,0.0,0.29791271347248577,-0.09490770101547241,0.7016268556758567
InjecAgent,0.0,0.29838709677419356,-0.09462079405784607,0.7016268556758567
InjecAgent,0.0,0.29886148007590135,-0.0945969820022583,0.7016268556758567
InjecAgent,0.0,0.2993358633776091,-0.09454149007797241,0.7016268556758567
InjecAgent,0.0,0.2998102466793169,-0.09449952840805054,0.7016268556758567
InjecAgent,0.0,0.3002846299810247,-0.09436178207397461,0.7016268556758567
InjecAgent,0.0,0.30075901328273247,-0.09433156251907349,0.7016268556758567
InjecAgent,0.0,0.3012333965844402,-0.09421119093894958,0.7016268556758567
InjecAgent,0.0,0.301707779886148,-0.09378209710121155,0.7016268556758567
InjecAgent,0.0,0.3021821631878558,-0.0936858057975769,0.7016268556758567
InjecAgent,0.0,0.3026565464895636,-0.0934981107711792,0.7016268556758567
InjecAgent,0.0,0.3031309297912713,-0.09332931041717529,0.7016268556758567
InjecAgent,0.0,0.3036053130929791,-0.09309989213943481,0.7016268556758567
InjecAgent,0.0,0.3040796963946869,-0.09308624267578125,0.7016268556758567
InjecAgent,0.0,0.3045540796963947,-0.0930556058883667,0.7016268556758567
InjecAgent,0.0,0.3050284629981025,-0.09303915500640869,0.7016268556758567
InjecAgent,0.0,0.3055028462998102,-0.09298992156982422,0.7016268556758567
InjecAgent,0.0,0.305977229601518,-0.09271693229675293,0.7016268556758567
InjecAgent,0.0,0.3064516129032258,-0.09247514605522156,0.7016268556758567
InjecAgent,0.0,0.3069259962049336,-0.09208512306213379,0.7016268556758567
InjecAgent,0.0,0.30740037950664134,-0.09204915165901184,0.7016268556758567
InjecAgent,0.0,0.30787476280834913,-0.09196889400482178,0.7016268556758567
InjecAgent,0.0,0.3083491461100569,-0.09192013740539551,0.7016268556758567
InjecAgent,0.0,0.3088235294117647,-0.09170690178871155,0.7016268556758567
InjecAgent,0.0,0.3092979127134725,-0.09169444441795349,0.7016268556758567
InjecAgent,0.0,0.30977229601518025,-0.0916283130645752,0.7016268556758567
InjecAgent,0.0,0.31024667931688804,-0.09158298373222351,0.7016268556758567
InjecAgent,0.0,0.31072106261859583,-0.09157076478004456,0.7016268556758567
InjecAgent,0.0,0.3111954459203036,-0.09155586361885071,0.7016268556758567
InjecAgent,0.0,0.31166982922201136,-0.09136995673179626,0.7016268556758567
InjecAgent,0.0,0.31214421252371916,-0.09064903855323792,0.7016268556758567
InjecAgent,0.0,0.31261859582542695,-0.09061819314956665,0.7016268556758567
InjecAgent,0.0,0.31309297912713474,-0.09028041362762451,0.7016268556758567
InjecAgent,0.0,0.3135673624288425,-0.09019243717193604,0.7016268556758567
InjecAgent,0.0,0.31404174573055027,-0.09003961086273193,0.7016268556758567
InjecAgent,0.0,0.31451612903225806,-0.08992046117782593,0.7016268556758567
InjecAgent,0.0,0.31499051233396586,-0.08983325958251953,0.7016268556758567
InjecAgent,0.0,0.31546489563567365,-0.08973252773284912,0.7016268556758567
InjecAgent,0.0,0.3159392789373814,-0.08929207921028137,0.7016268556758567
InjecAgent,0.0,0.3164136622390892,-0.08890831470489502,0.7016268556758567
InjecAgent,0.0,0.31688804554079697,-0.08871901035308838,0.7016268556758567
InjecAgent,0.0,0.31736242884250476,-0.08863696455955505,0.7016268556758567
InjecAgent,0.0,0.3178368121442125,-0.08851596713066101,0.7016268556758567
InjecAgent,0.0,0.3183111954459203,-0.08844387531280518,0.7016268556758567
InjecAgent,0.0,0.3187855787476281,-0.08829310536384583,0.7016268556758567
InjecAgent,0.0,0.3192599620493359,-0.08810639381408691,0.7016268556758567
InjecAgent,0.0,0.31973434535104367,-0.08793473243713379,0.7016268556758567
InjecAgent,0.0,0.3202087286527514,-0.08751976490020752,0.7016268556758567
InjecAgent,0.0,0.3206831119544592,-0.08736425638198853,0.7016268556758567
InjecAgent,0.0,0.321157495256167,-0.08723774552345276,0.7016268556758567
InjecAgent,0.0,0.3216318785578748,-0.08723747730255127,0.7016268556758567
InjecAgent,0.0,0.3221062618595825,-0.08720278739929199,0.7016268556758567
InjecAgent,0.0,0.3225806451612903,-0.08719205856323242,0.7016268556758567
InjecAgent,0.0,0.3230550284629981,-0.08705472946166992,0.7016268556758567
InjecAgent,0.0,0.3235294117647059,-0.08687698841094971,0.7016268556758567
InjecAgent,0.0,0.32400379506641364,-0.08685824275016785,0.7016268556758567
InjecAgent,0.0,0.32447817836812143,-0.08679857850074768,0.7016268556758567
InjecAgent,0.0,0.3249525616698292,-0.08638060092926025,0.7016268556758567
InjecAgent,0.0,0.325426944971537,-0.0863337516784668,0.7016268556758567
InjecAgent,0.0,0.3259013282732448,-0.08629834651947021,0.7016268556758567
InjecAgent,0.0,0.32637571157495254,-0.08622169494628906,0.7016268556758567
InjecAgent,0.0,0.32685009487666034,-0.08605432510375977,0.7016268556758567
InjecAgent,0.0,0.32732447817836813,-0.08587241172790527,0.7016268556758567
InjecAgent,0.0,0.3277988614800759,-0.08569824695587158,0.7016268556758567
InjecAgent,0.0,0.32827324478178366,-0.08522254228591919,0.7016268556758567
InjecAgent,0.0,0.32874762808349145,-0.0852150022983551,0.7016268556758567
InjecAgent,0.0,0.32922201138519924,-0.085155189037323,0.7016268556758567
InjecAgent,0.0,0.32969639468690703,-0.08495506644248962,0.7016268556758567
InjecAgent,0.0,0.3301707779886148,-0.08483463525772095,0.7016268556758567
InjecAgent,0.0,0.33064516129032256,-0.08478653430938721,0.7016268556758567
InjecAgent,0.0,0.33111954459203036,-0.08472898602485657,0.7016268556758567
InjecAgent,0.0,0.33159392789373815,-0.08463442325592041,0.7016268556758567
InjecAgent,0.0,0.33206831119544594,-0.08456027507781982,0.7016268556758567
InjecAgent,0.0,0.3325426944971537,-0.08447003364562988,0.7016268556758567
InjecAgent,0.0,0.33301707779886147,-0.08382678031921387,0.7016268556758567
InjecAgent,0.0,0.33349146110056926,-0.08360224962234497,0.7016268556758567
InjecAgent,0.0,0.33396584440227706,-0.08337849378585815,0.7016268556758567
InjecAgent,0.0,0.3344402277039848,-0.0833061933517456,0.7016268556758567
InjecAgent,0.0,0.3349146110056926,-0.08315277099609375,0.7016268556758567
InjecAgent,0.0,0.3353889943074004,-0.08307921886444092,0.7016268556758567
InjecAgent,0.0,0.33586337760910817,-0.08307743072509766,0.7016268556758567
InjecAgent,0.0,0.33633776091081596,-0.08296322822570801,0.7016268556758567
InjecAgent,0.0,0.3368121442125237,-0.08292555809020996,0.7016268556758567
InjecAgent,0.0,0.3372865275142315,-0.08281594514846802,0.7016268556758567
InjecAgent,0.0,0.3377609108159393,-0.08270087838172913,0.7016268556758567
InjecAgent,0.0,0.3382352941176471,-0.08250582218170166,0.7016268556758567
InjecAgent,0.0,0.3387096774193548,-0.08233273029327393,0.7016268556758567
InjecAgent,0.0,0.3391840607210626,-0.08228248357772827,0.7016268556758567
InjecAgent,0.0,0.3396584440227704,-0.08203637599945068,0.7016268556758567
InjecAgent,0.0,0.3401328273244782,-0.0819750428199768,0.7016268556758567
InjecAgent,0.0,0.340607210626186,-0.0819627046585083,0.7016268556758567
InjecAgent,0.0,0.3410815939278937,-0.08193683624267578,0.7016268556758567
InjecAgent,0.0,0.3415559772296015,-0.08168774843215942,0.7016268556758567
InjecAgent,0.0,0.3420303605313093,-0.08156615495681763,0.7016268556758567
InjecAgent,0.0,0.3425047438330171,-0.08147963881492615,0.7016268556758567
InjecAgent,0.0,0.34297912713472484,-0.0810810923576355,0.7016268556758567
InjecAgent,0.0,0.34345351043643263,-0.08108067512512207,0.7016268556758567
InjecAgent,0.0,0.3439278937381404,-0.08103853464126587,0.7016268556758567
InjecAgent,0.0,0.3444022770398482,-0.08072513341903687,0.7016268556758567
InjecAgent,0.0,0.34487666034155595,-0.08071625232696533,0.7016268556758567
InjecAgent,0.0,0.34535104364326374,-0.08052366971969604,0.7016268556758567
InjecAgent,0.0,0.34582542694497154,-0.08046114444732666,0.7016268556758567
InjecAgent,0.0,0.34629981024667933,-0.08045929670333862,0.7016268556758567
InjecAgent,0.0,0.3467741935483871,-0.0802617073059082,0.7016268556758567
InjecAgent,0.0,0.34724857685009486,-0.08020037412643433,0.7016268556758567
InjecAgent,0.0,0.34772296015180265,-0.08013162016868591,0.7016268556758567
InjecAgent,0.0,0.34819734345351044,-0.08007541298866272,0.7016268556758567
InjecAgent,0.0,0.34867172675521824,-0.07972586154937744,0.7016268556758567
InjecAgent,0.0,0.349146110056926,-0.079662024974823,0.7016268556758567
InjecAgent,0.0,0.34962049335863377,-0.07962918281555176,0.7016268556758567
InjecAgent,0.0,0.35009487666034156,-0.07960516214370728,0.7016268556758567
InjecAgent,0.058823529411764705,0.35009487666034156,-0.07952195405960083,0.7016268556758567
InjecAgent,0.058823529411764705,0.35056925996204935,-0.07952070236206055,0.7016268556758567
InjecAgent,0.058823529411764705,0.3510436432637571,-0.07950493693351746,0.7016268556758567
InjecAgent,0.058823529411764705,0.3515180265654649,-0.07931393384933472,0.7016268556758567
InjecAgent,0.058823529411764705,0.3519924098671727,-0.07930099964141846,0.7016268556758567
InjecAgent,0.058823529411764705,0.35246679316888047,-0.07925617694854736,0.7016268556758567
InjecAgent,0.058823529411764705,0.35294117647058826,-0.07915961742401123,0.7016268556758567
InjecAgent,0.058823529411764705,0.353415559772296,-0.07913517951965332,0.7016268556758567
InjecAgent,0.058823529411764705,0.3538899430740038,-0.07909825444221497,0.7016268556758567
InjecAgent,0.058823529411764705,0.3543643263757116,-0.07906055450439453,0.7016268556758567
InjecAgent,0.058823529411764705,0.3548387096774194,-0.0789116621017456,0.7016268556758567
InjecAgent,0.058823529411764705,0.3553130929791271,-0.07890874147415161,0.7016268556758567
InjecAgent,0.058823529411764705,0.3557874762808349,-0.07876622676849365,0.7016268556758567
InjecAgent,0.058823529411764705,0.3562618595825427,-0.07867684960365295,0.7016268556758567
InjecAgent,0.058823529411764705,0.3567362428842505,-0.07858908176422119,0.7016268556758567
InjecAgent,0.058823529411764705,0.3572106261859583,-0.07844948768615723,0.7016268556758567
InjecAgent,0.058823529411764705,0.357685009487666,-0.07841253280639648,0.7016268556758567
InjecAgent,0.058823529411764705,0.3581593927893738,-0.07810214161872864,0.7016268556758567
InjecAgent,0.058823529411764705,0.3586337760910816,-0.07806384563446045,0.7016268556758567
InjecAgent,0.058823529411764705,0.3591081593927894,-0.07781672477722168,0.7016268556758567
InjecAgent,0.058823529411764705,0.35958254269449713,-0.07774525880813599,0.7016268556758567
InjecAgent,0.058823529411764705,0.3600569259962049,-0.07770991325378418,0.7016268556758567
InjecAgent,0.058823529411764705,0.3605313092979127,-0.07769966125488281,0.7016268556758567
InjecAgent,0.058823529411764705,0.3610056925996205,-0.07764798402786255,0.7016268556758567
InjecAgent,0.058823529411764705,0.36148007590132825,-0.0776197612285614,0.7016268556758567
InjecAgent,0.058823529411764705,0.36195445920303604,-0.07755649089813232,0.7016268556758567
InjecAgent,0.058823529411764705,0.36242884250474383,-0.0773540735244751,0.7016268556758567
InjecAgent,0.058823529411764705,0.3629032258064516,-0.07707267999649048,0.7016268556758567
InjecAgent,0.058823529411764705,0.3633776091081594,-0.077068030834198,0.7016268556758567
InjecAgent,0.058823529411764705,0.36385199240986715,-0.0770653486251831,0.7016268556758567
InjecAgent,0.058823529411764705,0.36432637571157495,-0.07698237895965576,0.7016268556758567
InjecAgent,0.058823529411764705,0.36480075901328274,-0.076937735080719,0.7016268556758567
InjecAgent,0.058823529411764705,0.36527514231499053,-0.0769166350364685,0.7016268556758567
InjecAgent,0.058823529411764705,0.36574952561669827,-0.07681530714035034,0.7016268556758567
InjecAgent,0.058823529411764705,0.36622390891840606,-0.07668730616569519,0.7016268556758567
InjecAgent,0.058823529411764705,0.36669829222011385,-0.07641589641571045,0.7016268556758567
InjecAgent,0.058823529411764705,0.36717267552182165,-0.07641446590423584,0.7016268556758567
InjecAgent,0.058823529411764705,0.36764705882352944,-0.07632103562355042,0.7016268556758567
InjecAgent,0.058823529411764705,0.3681214421252372,-0.07625645399093628,0.7016268556758567
InjecAgent,0.058823529411764705,0.36859582542694497,-0.07621920108795166,0.7016268556758567
InjecAgent,0.058823529411764705,0.36907020872865276,-0.07614803314208984,0.7016268556758567
InjecAgent,0.058823529411764705,0.36954459203036055,-0.07611250877380371,0.7016268556758567
InjecAgent,0.058823529411764705,0.3700189753320683,-0.0760236382484436,0.7016268556758567
InjecAgent,0.058823529411764705,0.3704933586337761,-0.07600182294845581,0.7016268556758567
InjecAgent,0.058823529411764705,0.3709677419354839,-0.0759202241897583,0.7016268556758567
InjecAgent,0.058823529411764705,0.37144212523719167,-0.07579517364501953,0.7016268556758567
InjecAgent,0.058823529411764705,0.3719165085388994,-0.07579287886619568,0.7016268556758567
InjecAgent,0.058823529411764705,0.3723908918406072,-0.0757530927658081,0.7016268556758567
InjecAgent,0.058823529411764705,0.372865275142315,-0.07572460174560547,0.7016268556758567
InjecAgent,0.058823529411764705,0.3733396584440228,-0.07567358016967773,0.7016268556758567
InjecAgent,0.058823529411764705,0.3738140417457306,-0.07564353942871094,0.7016268556758567
InjecAgent,0.058823529411764705,0.3742884250474383,-0.07560259103775024,0.7016268556758567
InjecAgent,0.058823529411764705,0.3747628083491461,-0.07549795508384705,0.7016268556758567
InjecAgent,0.058823529411764705,0.3752371916508539,-0.07539445161819458,0.7016268556758567
InjecAgent,0.058823529411764705,0.3757115749525617,-0.07534706592559814,0.7016268556758567
InjecAgent,0.058823529411764705,0.3761859582542694,-0.07534259557723999,0.7016268556758567
InjecAgent,0.058823529411764705,0.3766603415559772,-0.07531309127807617,0.7016268556758567
InjecAgent,0.058823529411764705,0.377134724857685,-0.07520365715026855,0.7016268556758567
InjecAgent,0.058823529411764705,0.3776091081593928,-0.07510751485824585,0.7016268556758567
InjecAgent,0.058823529411764705,0.3780834914611006,-0.07507464289665222,0.7016268556758567
InjecAgent,0.058823529411764705,0.37855787476280833,-0.07496321201324463,0.7016268556758567
InjecAgent,0.058823529411764705,0.3790322580645161,-0.07491576671600342,0.7016268556758567
InjecAgent,0.058823529411764705,0.3795066413662239,-0.07458281517028809,0.7016268556758567
InjecAgent,0.058823529411764705,0.3799810246679317,-0.07430273294448853,0.7016268556758567
InjecAgent,0.058823529411764705,0.38045540796963945,-0.07419413328170776,0.7016268556758567
InjecAgent,0.058823529411764705,0.38092979127134724,-0.07413047552108765,0.7016268556758567
InjecAgent,0.058823529411764705,0.38140417457305503,-0.07388782501220703,0.7016268556758567
InjecAgent,0.058823529411764705,0.3818785578747628,-0.07384467124938965,0.7016268556758567
InjecAgent,0.058823529411764705,0.38235294117647056,-0.07375478744506836,0.7016268556758567
InjecAgent,0.058823529411764705,0.38282732447817835,-0.07363665103912354,0.7016268556758567
InjecAgent,0.058823529411764705,0.38330170777988615,-0.07337051630020142,0.7016268556758567
InjecAgent,0.058823529411764705,0.38377609108159394,-0.0730663537979126,0.7016268556758567
InjecAgent,0.058823529411764705,0.38425047438330173,-0.07302728295326233,0.7016268556758567
InjecAgent,0.058823529411764705,0.38472485768500947,-0.07284563779830933,0.7016268556758567
InjecAgent,0.058823529411764705,0.38519924098671726,-0.07283687591552734,0.7016268556758567
InjecAgent,0.058823529411764705,0.38567362428842505,-0.07228356599807739,0.7016268556758567
InjecAgent,0.058823529411764705,0.38614800759013285,-0.07227838039398193,0.7016268556758567
InjecAgent,0.058823529411764705,0.3866223908918406,-0.07212728261947632,0.7016268556758567
InjecAgent,0.058823529411764705,0.3870967741935484,-0.07210320234298706,0.7016268556758567
InjecAgent,0.058823529411764705,0.38757115749525617,-0.07187461853027344,0.7016268556758567
InjecAgent,0.058823529411764705,0.38804554079696396,-0.07183283567428589,0.7016268556758567
InjecAgent,0.058823529411764705,0.38851992409867175,-0.0716930627822876,0.7016268556758567
InjecAgent,0.058823529411764705,0.3889943074003795,-0.07154843211174011,0.7016268556758567
InjecAgent,0.058823529411764705,0.3894686907020873,-0.0710737407207489,0.7016268556758567
InjecAgent,0.058823529411764705,0.3899430740037951,-0.07106879353523254,0.7016268556758567
InjecAgent,0.058823529411764705,0.39041745730550287,-0.0710098147392273,0.7016268556758567
InjecAgent,0.058823529411764705,0.3908918406072106,-0.07096591591835022,0.7016268556758567
InjecAgent,0.058823529411764705,0.3913662239089184,-0.07094752788543701,0.7016268556758567
InjecAgent,0.058823529411764705,0.3918406072106262,-0.07091706991195679,0.7016268556758567
InjecAgent,0.058823529411764705,0.392314990512334,-0.07082533836364746,0.7016268556758567
InjecAgent,0.058823529411764705,0.3927893738140417,-0.07079195976257324,0.7016268556758567
InjecAgent,0.058823529411764705,0.3932637571157495,-0.07066947221755981,0.7016268556758567
InjecAgent,0.058823529411764705,0.3937381404174573,-0.07060956954956055,0.7016268556758567
InjecAgent,0.058823529411764705,0.3942125237191651,-0.07060712575912476,0.7016268556758567
InjecAgent,0.058823529411764705,0.3946869070208729,-0.07049393653869629,0.7016268556758567
InjecAgent,0.058823529411764705,0.3951612903225806,-0.07033553719520569,0.7016268556758567
InjecAgent,0.058823529411764705,0.3956356736242884,-0.07028889656066895,0.7016268556758567
InjecAgent,0.058823529411764705,0.3961100569259962,-0.07028770446777344,0.7016268556758567
InjecAgent,0.058823529411764705,0.396584440227704,-0.0701751708984375,0.7016268556758567
InjecAgent,0.058823529411764705,0.39705882352941174,-0.07008078694343567,0.7016268556758567
InjecAgent,0.058823529411764705,0.39753320683111953,-0.0700763463973999,0.7016268556758567
InjecAgent,0.058823529411764705,0.3980075901328273,-0.07003152370452881,0.7016268556758567
InjecAgent,0.058823529411764705,0.3984819734345351,-0.06994330883026123,0.7016268556758567
InjecAgent,0.058823529411764705,0.3989563567362429,-0.06959837675094604,0.7016268556758567
InjecAgent,0.058823529411764705,0.39943074003795065,-0.06955909729003906,0.7016268556758567
InjecAgent,0.058823529411764705,0.39990512333965844,-0.0694558322429657,0.7016268556758567
InjecAgent,0.058823529411764705,0.40037950664136623,-0.06928056478500366,0.7016268556758567
InjecAgent,0.058823529411764705,0.400853889943074,-0.06916603446006775,0.7016268556758567
InjecAgent,0.058823529411764705,0.40132827324478176,-0.06907767057418823,0.7016268556758567
InjecAgent,0.058823529411764705,0.40180265654648956,-0.06905245780944824,0.7016268556758567
InjecAgent,0.058823529411764705,0.40227703984819735,-0.0690450370311737,0.7016268556758567
InjecAgent,0.058823529411764705,0.40275142314990514,-0.06900537014007568,0.7016268556758567
InjecAgent,0.058823529411764705,0.4032258064516129,-0.06866580247879028,0.7016268556758567
InjecAgent,0.058823529411764705,0.42599620493358636,-0.06866145133972168,0.7016268556758567
InjecAgent,0.058823529411764705,0.4264705882352941,-0.0684998631477356,0.7016268556758567
InjecAgent,0.058823529411764705,0.4269449715370019,-0.06844198703765869,0.7016268556758567
InjecAgent,0.058823529411764705,0.4274193548387097,-0.06830808520317078,0.7016268556758567
InjecAgent,0.058823529411764705,0.4278937381404175,-0.06820464134216309,0.7016268556758567
InjecAgent,0.058823529411764705,0.4283681214421252,-0.06819427013397217,0.7016268556758567
InjecAgent,0.058823529411764705,0.428842504743833,-0.06791567802429199,0.7016268556758567
InjecAgent,0.058823529411764705,0.4293168880455408,-0.06776559352874756,0.7016268556758567
InjecAgent,0.058823529411764705,0.4297912713472486,-0.06767052412033081,0.7016268556758567
InjecAgent,0.058823529411764705,0.43026565464895633,-0.06749904155731201,0.7016268556758567
InjecAgent,0.058823529411764705,0.4307400379506641,-0.06746125221252441,0.7016268556758567
InjecAgent,0.058823529411764705,0.4312144212523719,-0.06726956367492676,0.7016268556758567
InjecAgent,0.058823529411764705,0.4316888045540797,-0.06721210479736328,0.7016268556758567
InjecAgent,0.058823529411764705,0.4321631878557875,-0.06719446182250977,0.7016268556758567
InjecAgent,0.058823529411764705,0.43263757115749524,-0.06711935997009277,0.7016268556758567
InjecAgent,0.058823529411764705,0.43311195445920303,-0.0670258104801178,0.7016268556758567
InjecAgent,0.058823529411764705,0.4335863377609108,-0.06697255373001099,0.7016268556758567
InjecAgent,0.058823529411764705,0.4340607210626186,-0.06688755750656128,0.7016268556758567
InjecAgent,0.058823529411764705,0.43453510436432635,-0.06668227910995483,0.7016268556758567
InjecAgent,0.058823529411764705,0.43500948766603414,-0.0664130449295044,0.7016268556758567
InjecAgent,0.058823529411764705,0.43548387096774194,-0.0663905143737793,0.7016268556758567
InjecAgent,0.058823529411764705,0.43595825426944973,-0.06579089164733887,0.7016268556758567
InjecAgent,0.058823529411764705,0.4364326375711575,-0.06576797366142273,0.7016268556758567
InjecAgent,0.058823529411764705,0.43690702087286526,-0.06536802649497986,0.7016268556758567
InjecAgent,0.058823529411764705,0.43738140417457305,-0.06528174877166748,0.7016268556758567
InjecAgent,0.058823529411764705,0.43785578747628084,-0.06524783372879028,0.7016268556758567
InjecAgent,0.058823529411764705,0.43833017077798864,-0.06519484519958496,0.7016268556758567
InjecAgent,0.058823529411764705,0.4388045540796964,-0.06515863537788391,0.7016268556758567
InjecAgent,0.058823529411764705,0.43927893738140417,-0.06487980484962463,0.7016268556758567
InjecAgent,0.058823529411764705,0.43975332068311196,-0.06481003761291504,0.7016268556758567
InjecAgent,0.058823529411764705,0.44022770398481975,-0.06474339962005615,0.7016268556758567
InjecAgent,0.058823529411764705,0.4407020872865275,-0.06452286243438721,0.7016268556758567
InjecAgent,0.058823529411764705,0.4411764705882353,-0.06434381008148193,0.7016268556758567
InjecAgent,0.058823529411764705,0.4416508538899431,-0.064197838306427,0.7016268556758567
InjecAgent,0.058823529411764705,0.44212523719165087,-0.064045250415802,0.7016268556758567
InjecAgent,0.058823529411764705,0.44259962049335866,-0.06404101848602295,0.7016268556758567
InjecAgent,0.058823529411764705,0.4430740037950664,-0.06392765045166016,0.7016268556758567
InjecAgent,0.058823529411764705,0.4435483870967742,-0.0637175440788269,0.7016268556758567
InjecAgent,0.058823529411764705,0.444022770398482,-0.06365028023719788,0.7016268556758567
InjecAgent,0.058823529411764705,0.4444971537001898,-0.06344950199127197,0.7016268556758567
InjecAgent,0.058823529411764705,0.4449715370018975,-0.06339818239212036,0.7016268556758567
InjecAgent,0.058823529411764705,0.4454459203036053,-0.0632968544960022,0.7016268556758567
InjecAgent,0.058823529411764705,0.4459203036053131,-0.06322741508483887,0.7016268556758567
InjecAgent,0.058823529411764705,0.4463946869070209,-0.06312799453735352,0.7016268556758567
InjecAgent,0.058823529411764705,0.4468690702087287,-0.0631149411201477,0.7016268556758567
InjecAgent,0.058823529411764705,0.4473434535104364,-0.06303435564041138,0.7016268556758567
InjecAgent,0.058823529411764705,0.4478178368121442,-0.06301930546760559,0.7016268556758567
InjecAgent,0.058823529411764705,0.448292220113852,-0.06273919343948364,0.7016268556758567
InjecAgent,0.058823529411764705,0.4487666034155598,-0.06264638900756836,0.7016268556758567
InjecAgent,0.058823529411764705,0.44924098671726753,-0.06253719329833984,0.7016268556758567
InjecAgent,0.058823529411764705,0.4497153700189753,-0.06238150596618652,0.7016268556758567
InjecAgent,0.058823529411764705,0.4501897533206831,-0.06235229969024658,0.7016268556758567
InjecAgent,0.058823529411764705,0.4506641366223909,-0.062326669692993164,0.7016268556758567
InjecAgent,0.058823529411764705,0.45113851992409865,-0.06185561418533325,0.7016268556758567
InjecAgent,0.058823529411764705,0.45161290322580644,-0.06185460090637207,0.7016268556758567
InjecAgent,0.058823529411764705,0.45208728652751423,-0.06177496910095215,0.7016268556758567
InjecAgent,0.058823529411764705,0.452561669829222,-0.06171095371246338,0.7016268556758567
InjecAgent,0.058823529411764705,0.4530360531309298,-0.061687469482421875,0.7016268556758567
InjecAgent,0.058823529411764705,0.45351043643263755,-0.0614008903503418,0.7016268556758567
InjecAgent,0.058823529411764705,0.45398481973434535,-0.061234474182128906,0.7016268556758567
InjecAgent,0.058823529411764705,0.45445920303605314,-0.06081867218017578,0.7016268556758567
InjecAgent,0.058823529411764705,0.45493358633776093,-0.06049692630767822,0.7016268556758567
InjecAgent,0.058823529411764705,0.45540796963946867,-0.06003570556640625,0.7016268556758567
InjecAgent,0.058823529411764705,0.45588235294117646,-0.05993831157684326,0.7016268556758567
InjecAgent,0.058823529411764705,0.45635673624288425,-0.05988800525665283,0.7016268556758567
InjecAgent,0.058823529411764705,0.45683111954459205,-0.05980202555656433,0.7016268556758567
InjecAgent,0.058823529411764705,0.4573055028462998,-0.059729695320129395,0.7016268556758567
InjecAgent,0.058823529411764705,0.4577798861480076,-0.0596388578414917,0.7016268556758567
InjecAgent,0.058823529411764705,0.45825426944971537,-0.05913376808166504,0.7016268556758567
InjecAgent,0.058823529411764705,0.45872865275142316,-0.05909526348114014,0.7016268556758567
InjecAgent,0.058823529411764705,0.45920303605313095,-0.05904597043991089,0.7016268556758567
InjecAgent,0.058823529411764705,0.4596774193548387,-0.0590289831161499,0.7016268556758567
InjecAgent,0.058823529411764705,0.4601518026565465,-0.05888867378234863,0.7016268556758567
InjecAgent,0.058823529411764705,0.4606261859582543,-0.05877837538719177,0.7016268556758567
InjecAgent,0.058823529411764705,0.46110056925996207,-0.0584942102432251,0.7016268556758567
InjecAgent,0.058823529411764705,0.4615749525616698,-0.058489203453063965,0.7016268556758567
InjecAgent,0.058823529411764705,0.4620493358633776,-0.05827939510345459,0.7016268556758567
InjecAgent,0.058823529411764705,0.4625237191650854,-0.05827796459197998,0.7016268556758567
InjecAgent,0.058823529411764705,0.4629981024667932,-0.0581623911857605,0.7016268556758567
InjecAgent,0.058823529411764705,0.463472485768501,-0.057985126972198486,0.7016268556758567
InjecAgent,0.058823529411764705,0.4639468690702087,-0.05746760964393616,0.7016268556758567
InjecAgent,0.058823529411764705,0.4644212523719165,-0.057440340518951416,0.7016268556758567
InjecAgent,0.058823529411764705,0.4648956356736243,-0.05729600787162781,0.7016268556758567
InjecAgent,0.058823529411764705,0.4653700189753321,-0.05725252628326416,0.7016268556758567
InjecAgent,0.058823529411764705,0.4658444022770398,-0.057201266288757324,0.7016268556758567
InjecAgent,0.058823529411764705,0.4663187855787476,-0.05717751383781433,0.7016268556758567
InjecAgent,0.058823529411764705,0.4667931688804554,-0.0570501983165741,0.7016268556758567
InjecAgent,0.058823529411764705,0.4672675521821632,-0.05684375762939453,0.7016268556758567
InjecAgent,0.058823529411764705,0.46774193548387094,-0.056774258613586426,0.7016268556758567
InjecAgent,0.058823529411764705,0.46821631878557873,-0.0566401481628418,0.7016268556758567
InjecAgent,0.058823529411764705,0.4686907020872865,-0.05637174844741821,0.7016268556758567
InjecAgent,0.058823529411764705,0.4691650853889943,-0.05636271834373474,0.7016268556758567
InjecAgent,0.058823529411764705,0.4696394686907021,-0.056002795696258545,0.7016268556758567
InjecAgent,0.058823529411764705,0.47011385199240985,-0.055985093116760254,0.7016268556758567
InjecAgent,0.058823529411764705,0.47058823529411764,-0.05597347021102905,0.7016268556758567
InjecAgent,0.058823529411764705,0.47106261859582543,-0.05585592985153198,0.7016268556758567
InjecAgent,0.058823529411764705,0.4715370018975332,-0.05576956272125244,0.7016268556758567
InjecAgent,0.058823529411764705,0.47201138519924096,-0.05565783381462097,0.7016268556758567
InjecAgent,0.058823529411764705,0.47248576850094876,-0.05548694729804993,0.7016268556758567
InjecAgent,0.058823529411764705,0.47296015180265655,-0.05516648292541504,0.7016268556758567
InjecAgent,0.058823529411764705,0.47343453510436434,-0.055157363414764404,0.7016268556758567
InjecAgent,0.058823529411764705,0.47390891840607213,-0.0548672080039978,0.7016268556758567
InjecAgent,0.058823529411764705,0.47438330170777987,-0.05485045909881592,0.7016268556758567
InjecAgent,0.058823529411764705,0.47485768500948766,-0.054835766553878784,0.7016268556758567
InjecAgent,0.058823529411764705,0.47533206831119545,-0.05477410554885864,0.7016268556758567
InjecAgent,0.058823529411764705,0.47580645161290325,-0.054757118225097656,0.7016268556758567
InjecAgent,0.058823529411764705,0.476280834914611,-0.05466121435165405,0.7016268556758567
InjecAgent,0.058823529411764705,0.4767552182163188,-0.05460408329963684,0.7016268556758567
InjecAgent,0.058823529411764705,0.47722960151802657,-0.05434519052505493,0.7016268556758567
InjecAgent,0.058823529411764705,0.47770398481973436,-0.05405130982398987,0.7016268556758567
InjecAgent,0.058823529411764705,0.4781783681214421,-0.05384978652000427,0.7016268556758567
InjecAgent,0.058823529411764705,0.4786527514231499,-0.0537605881690979,0.7016268556758567
InjecAgent,0.058823529411764705,0.4791271347248577,-0.053593993186950684,0.7016268556758567
InjecAgent,0.058823529411764705,0.4796015180265655,-0.05328655242919922,0.7016268556758567
InjecAgent,0.058823529411764705,0.48007590132827327,-0.05316770076751709,0.7016268556758567
InjecAgent,0.058823529411764705,0.480550284629981,-0.053162574768066406,0.7016268556758567
InjecAgent,0.058823529411764705,0.4810246679316888,-0.05294394493103027,0.7016268556758567
InjecAgent,0.058823529411764705,0.4814990512333966,-0.05292481184005737,0.7016268556758567
InjecAgent,0.058823529411764705,0.4819734345351044,-0.05291283130645752,0.7016268556758567
InjecAgent,0.058823529411764705,0.4824478178368121,-0.05280178785324097,0.7016268556758567
InjecAgent,0.058823529411764705,0.4829222011385199,-0.052683472633361816,0.7016268556758567
InjecAgent,0.058823529411764705,0.4833965844402277,-0.05265927314758301,0.7016268556758567
InjecAgent,0.058823529411764705,0.4838709677419355,-0.05257734656333923,0.7016268556758567
InjecAgent,0.058823529411764705,0.4843453510436433,-0.052562713623046875,0.7016268556758567
InjecAgent,0.058823529411764705,0.484819734345351,-0.0524979829788208,0.7016268556758567
InjecAgent,0.058823529411764705,0.4852941176470588,-0.052489399909973145,0.7016268556758567
InjecAgent,0.058823529411764705,0.4857685009487666,-0.05246448516845703,0.7016268556758567
InjecAgent,0.058823529411764705,0.4862428842504744,-0.05195021629333496,0.7016268556758567
InjecAgent,0.058823529411764705,0.48671726755218214,-0.05171477794647217,0.7016268556758567
InjecAgent,0.058823529411764705,0.48719165085388993,-0.05167055130004883,0.7016268556758567
InjecAgent,0.058823529411764705,0.4876660341555977,-0.05164152383804321,0.7016268556758567
InjecAgent,0.058823529411764705,0.4881404174573055,-0.05124819278717041,0.7016268556758567
InjecAgent,0.058823529411764705,0.48861480075901326,-0.05095061659812927,0.7016268556758567
InjecAgent,0.058823529411764705,0.48908918406072105,-0.0508158802986145,0.7016268556758567
InjecAgent,0.058823529411764705,0.48956356736242884,-0.05066835880279541,0.7016268556758567
InjecAgent,0.058823529411764705,0.49003795066413663,-0.05055147409439087,0.7016268556758567
InjecAgent,0.058823529411764705,0.4905123339658444,-0.0505213737487793,0.7016268556758567
InjecAgent,0.058823529411764705,0.49098671726755216,-0.050519585609436035,0.7016268556758567
InjecAgent,0.058823529411764705,0.49146110056925996,-0.05024999380111694,0.7016268556758567
InjecAgent,0.058823529411764705,0.49193548387096775,-0.05021536350250244,0.7016268556758567
InjecAgent,0.058823529411764705,0.49240986717267554,-0.0501173734664917,0.7016268556758567
InjecAgent,0.058823529411764705,0.4928842504743833,-0.05001348257064819,0.7016268556758567
InjecAgent,0.058823529411764705,0.49335863377609107,-0.04969686269760132,0.7016268556758567
InjecAgent,0.058823529411764705,0.49383301707779886,-0.04957020282745361,0.7016268556758567
InjecAgent,0.058823529411764705,0.49430740037950666,-0.04954659938812256,0.7016268556758567
InjecAgent,0.058823529411764705,0.49478178368121445,-0.04947555065155029,0.7016268556758567
InjecAgent,0.058823529411764705,0.4952561669829222,-0.049307286739349365,0.7016268556758567
InjecAgent,0.058823529411764705,0.49573055028463,-0.04927593469619751,0.7016268556758567
InjecAgent,0.058823529411764705,0.49620493358633777,-0.049265921115875244,0.7016268556758567
InjecAgent,0.058823529411764705,0.49667931688804556,-0.049132347106933594,0.7016268556758567
InjecAgent,0.058823529411764705,0.4971537001897533,-0.049044013023376465,0.7016268556758567
InjecAgent,0.058823529411764705,0.4976280834914611,-0.049004197120666504,0.7016268556758567
InjecAgent,0.058823529411764705,0.4981024667931689,-0.04892963171005249,0.7016268556758567
InjecAgent,0.058823529411764705,0.4985768500948767,-0.048554688692092896,0.7016268556758567
InjecAgent,0.058823529411764705,0.4990512333965844,-0.04850888252258301,0.7016268556758567
InjecAgent,0.058823529411764705,0.4995256166982922,-0.04841756820678711,0.7016268556758567
InjecAgent,0.058823529411764705,0.5,-0.048348575830459595,0.7016268556758567
InjecAgent,0.058823529411764705,0.5004743833017078,-0.04832565784454346,0.7016268556758567
InjecAgent,0.058823529411764705,0.5009487666034156,-0.04827696084976196,0.7016268556758567
InjecAgent,0.058823529411764705,0.5014231499051234,-0.04811781644821167,0.7016268556758567
InjecAgent,0.058823529411764705,0.5018975332068312,-0.048081547021865845,0.7016268556758567
InjecAgent,0.058823529411764705,0.5023719165085389,-0.047791123390197754,0.7016268556758567
InjecAgent,0.11764705882352941,0.5023719165085389,-0.04774749279022217,0.7016268556758567
InjecAgent,0.11764705882352941,0.5028462998102466,-0.04760301113128662,0.7016268556758567
InjecAgent,0.11764705882352941,0.5033206831119544,-0.0475689172744751,0.7016268556758567
InjecAgent,0.11764705882352941,0.5037950664136622,-0.04756879806518555,0.7016268556758567
InjecAgent,0.11764705882352941,0.50426944971537,-0.04746091365814209,0.7016268556758567
InjecAgent,0.11764705882352941,0.5047438330170778,-0.04736873507499695,0.7016268556758567
InjecAgent,0.11764705882352941,0.5052182163187856,-0.04735565185546875,0.7016268556758567
InjecAgent,0.11764705882352941,0.5056925996204934,-0.047324419021606445,0.7016268556758567
InjecAgent,0.11764705882352941,0.5061669829222012,-0.04719597101211548,0.7016268556758567
InjecAgent,0.11764705882352941,0.5066413662239089,-0.04716384410858154,0.7016268556758567
InjecAgent,0.11764705882352941,0.5071157495256167,-0.047162383794784546,0.7016268556758567
InjecAgent,0.11764705882352941,0.5075901328273245,-0.046980440616607666,0.7016268556758567
InjecAgent,0.11764705882352941,0.5080645161290323,-0.046883851289749146,0.7016268556758567
InjecAgent,0.11764705882352941,0.50853889943074,-0.04664957523345947,0.7016268556758567
InjecAgent,0.11764705882352941,0.5090132827324478,-0.046469807624816895,0.7016268556758567
InjecAgent,0.11764705882352941,0.5094876660341556,-0.04628092050552368,0.7016268556758567
InjecAgent,0.11764705882352941,0.5099620493358634,-0.04619970917701721,0.7016268556758567
InjecAgent,0.11764705882352941,0.5104364326375711,-0.04600715637207031,0.7016268556758567
InjecAgent,0.11764705882352941,0.5109108159392789,-0.045896291732788086,0.7016268556758567
InjecAgent,0.11764705882352941,0.5113851992409867,-0.04583936929702759,0.7016268556758567
InjecAgent,0.11764705882352941,0.5118595825426945,-0.04578757286071777,0.7016268556758567
InjecAgent,0.11764705882352941,0.5123339658444023,-0.04565727710723877,0.7016268556758567
InjecAgent,0.11764705882352941,0.5128083491461101,-0.045537352561950684,0.7016268556758567
InjecAgent,0.11764705882352941,0.5132827324478179,-0.04531514644622803,0.7016268556758567
InjecAgent,0.11764705882352941,0.5137571157495257,-0.0452573299407959,0.7016268556758567
InjecAgent,0.11764705882352941,0.5142314990512334,-0.04517185688018799,0.7016268556758567
InjecAgent,0.11764705882352941,0.5147058823529411,-0.045118093490600586,0.7016268556758567
InjecAgent,0.11764705882352941,0.5151802656546489,-0.04491344094276428,0.7016268556758567
InjecAgent,0.11764705882352941,0.5156546489563567,-0.044838786125183105,0.7016268556758567
InjecAgent,0.11764705882352941,0.5161290322580645,-0.044837236404418945,0.7016268556758567
InjecAgent,0.11764705882352941,0.5166034155597723,-0.04482930898666382,0.7016268556758567
InjecAgent,0.11764705882352941,0.5170777988614801,-0.04463911056518555,0.7016268556758567
InjecAgent,0.11764705882352941,0.5175521821631879,-0.04453474283218384,0.7016268556758567
InjecAgent,0.11764705882352941,0.5180265654648957,-0.0444735586643219,0.7016268556758567
InjecAgent,0.11764705882352941,0.5185009487666035,-0.04437375068664551,0.7016268556758567
InjecAgent,0.11764705882352941,0.5189753320683111,-0.04427754878997803,0.7016268556758567
InjecAgent,0.11764705882352941,0.5194497153700189,-0.043817222118377686,0.7016268556758567
InjecAgent,0.11764705882352941,0.5199240986717267,-0.04380589723587036,0.7016268556758567
InjecAgent,0.11764705882352941,0.5203984819734345,-0.04365256428718567,0.7016268556758567
InjecAgent,0.11764705882352941,0.5208728652751423,-0.04359543323516846,0.7016268556758567
InjecAgent,0.11764705882352941,0.5213472485768501,-0.04352676868438721,0.7016268556758567
InjecAgent,0.11764705882352941,0.5218216318785579,-0.043489933013916016,0.7016268556758567
InjecAgent,0.11764705882352941,0.5222960151802657,-0.04348286986351013,0.7016268556758567
InjecAgent,0.11764705882352941,0.5227703984819735,-0.043448448181152344,0.7016268556758567
InjecAgent,0.11764705882352941,0.5232447817836812,-0.043395161628723145,0.7016268556758567
InjecAgent,0.11764705882352941,0.523719165085389,-0.04337441921234131,0.7016268556758567
InjecAgent,0.11764705882352941,0.5241935483870968,-0.04332730174064636,0.7016268556758567
InjecAgent,0.11764705882352941,0.5246679316888045,-0.043260812759399414,0.7016268556758567
InjecAgent,0.17647058823529413,0.5246679316888045,-0.04317748546600342,0.7016268556758567
InjecAgent,0.23529411764705882,0.5246679316888045,-0.04317361116409302,0.7016268556758567
InjecAgent,0.23529411764705882,0.5251423149905123,-0.04292559623718262,0.7016268556758567
InjecAgent,0.23529411764705882,0.5256166982922201,-0.04289892315864563,0.7016268556758567
InjecAgent,0.23529411764705882,0.5260910815939279,-0.04265439510345459,0.7016268556758567
InjecAgent,0.23529411764705882,0.5265654648956357,-0.04244294762611389,0.7016268556758567
InjecAgent,0.23529411764705882,0.5270398481973435,-0.04242146015167236,0.7016268556758567
InjecAgent,0.23529411764705882,0.5275142314990512,-0.042267799377441406,0.7016268556758567
InjecAgent,0.23529411764705882,0.527988614800759,-0.042266845703125,0.7016268556758567
InjecAgent,0.23529411764705882,0.5284629981024668,-0.04224264621734619,0.7016268556758567
InjecAgent,0.23529411764705882,0.5289373814041746,-0.04222273826599121,0.7016268556758567
InjecAgent,0.23529411764705882,0.5294117647058824,-0.04210507869720459,0.7016268556758567
InjecAgent,0.23529411764705882,0.5298861480075902,-0.04207441210746765,0.7016268556758567
InjecAgent,0.23529411764705882,0.530360531309298,-0.0419774055480957,0.7016268556758567
InjecAgent,0.23529411764705882,0.5308349146110057,-0.0419001579284668,0.7016268556758567
InjecAgent,0.23529411764705882,0.5313092979127134,-0.04146146774291992,0.7016268556758567
InjecAgent,0.23529411764705882,0.5317836812144212,-0.04134047031402588,0.7016268556758567
InjecAgent,0.23529411764705882,0.532258064516129,-0.04133176803588867,0.7016268556758567
InjecAgent,0.23529411764705882,0.5327324478178368,-0.04129716753959656,0.7016268556758567
InjecAgent,0.23529411764705882,0.5332068311195446,-0.04126459360122681,0.7016268556758567
InjecAgent,0.23529411764705882,0.5336812144212524,-0.04106402397155762,0.7016268556758567
InjecAgent,0.23529411764705882,0.5341555977229602,-0.0409700870513916,0.7016268556758567
InjecAgent,0.23529411764705882,0.534629981024668,-0.040934234857559204,0.7016268556758567
InjecAgent,0.23529411764705882,0.5351043643263758,-0.040759384632110596,0.7016268556758567
InjecAgent,0.23529411764705882,0.5355787476280834,-0.0406719446182251,0.7016268556758567
InjecAgent,0.23529411764705882,0.5360531309297912,-0.040562212467193604,0.7016268556758567
InjecAgent,0.23529411764705882,0.536527514231499,-0.04044997692108154,0.7016268556758567
InjecAgent,0.23529411764705882,0.5370018975332068,-0.04040801525115967,0.7016268556758567
InjecAgent,0.23529411764705882,0.5374762808349146,-0.040281057357788086,0.7016268556758567
InjecAgent,0.23529411764705882,0.5379506641366224,-0.04020041227340698,0.7016268556758567
InjecAgent,0.23529411764705882,0.5384250474383302,-0.040171414613723755,0.7016268556758567
InjecAgent,0.23529411764705882,0.538899430740038,-0.04009747505187988,0.7016268556758567
InjecAgent,0.23529411764705882,0.5393738140417458,-0.04008638858795166,0.7016268556758567
InjecAgent,0.23529411764705882,0.5398481973434535,-0.04001736640930176,0.7016268556758567
InjecAgent,0.23529411764705882,0.5403225806451613,-0.039940595626831055,0.7016268556758567
InjecAgent,0.23529411764705882,0.540796963946869,-0.03981804847717285,0.7016268556758567
InjecAgent,0.23529411764705882,0.5412713472485768,-0.03977346420288086,0.7016268556758567
InjecAgent,0.23529411764705882,0.5417457305502846,-0.03973209857940674,0.7016268556758567
InjecAgent,0.23529411764705882,0.5422201138519924,-0.039688706398010254,0.7016268556758567
InjecAgent,0.23529411764705882,0.5426944971537002,-0.039653658866882324,0.7016268556758567
InjecAgent,0.23529411764705882,0.543168880455408,-0.03957456350326538,0.7016268556758567
InjecAgent,0.23529411764705882,0.5436432637571158,-0.03956162929534912,0.7016268556758567
InjecAgent,0.23529411764705882,0.5441176470588235,-0.03953889012336731,0.7016268556758567
InjecAgent,0.23529411764705882,0.5445920303605313,-0.039519667625427246,0.7016268556758567
InjecAgent,0.23529411764705882,0.5450664136622391,-0.039512842893600464,0.7016268556758567
InjecAgent,0.23529411764705882,0.5455407969639469,-0.03945624828338623,0.7016268556758567
InjecAgent,0.23529411764705882,0.5460151802656547,-0.03929412364959717,0.7016268556758567
InjecAgent,0.23529411764705882,0.5464895635673624,-0.03923463821411133,0.7016268556758567
InjecAgent,0.23529411764705882,0.5469639468690702,-0.03904682397842407,0.7016268556758567
InjecAgent,0.23529411764705882,0.547438330170778,-0.03899353742599487,0.7016268556758567
InjecAgent,0.23529411764705882,0.5479127134724858,-0.038908571004867554,0.7016268556758567
InjecAgent,0.23529411764705882,0.5483870967741935,-0.03884980082511902,0.7016268556758567
InjecAgent,0.23529411764705882,0.5488614800759013,-0.03882116079330444,0.7016268556758567
InjecAgent,0.23529411764705882,0.5493358633776091,-0.038681626319885254,0.7016268556758567
InjecAgent,0.23529411764705882,0.5498102466793169,-0.03836989402770996,0.7016268556758567
InjecAgent,0.23529411764705882,0.5502846299810247,-0.038318097591400146,0.7016268556758567
InjecAgent,0.23529411764705882,0.5507590132827325,-0.03818154335021973,0.7016268556758567
InjecAgent,0.23529411764705882,0.5512333965844403,-0.03813520073890686,0.7016268556758567
InjecAgent,0.23529411764705882,0.551707779886148,-0.03796762228012085,0.7016268556758567
InjecAgent,0.23529411764705882,0.5521821631878557,-0.03763687610626221,0.7016268556758567
InjecAgent,0.23529411764705882,0.5526565464895635,-0.037270426750183105,0.7016268556758567
InjecAgent,0.23529411764705882,0.5531309297912713,-0.03722172975540161,0.7016268556758567
InjecAgent,0.23529411764705882,0.5536053130929791,-0.03688615560531616,0.7016268556758567
InjecAgent,0.23529411764705882,0.5540796963946869,-0.03686928749084473,0.7016268556758567
InjecAgent,0.23529411764705882,0.5545540796963947,-0.036843299865722656,0.7016268556758567
InjecAgent,0.23529411764705882,0.5550284629981025,-0.03678596019744873,0.7016268556758567
InjecAgent,0.23529411764705882,0.5555028462998103,-0.036703258752822876,0.7016268556758567
InjecAgent,0.23529411764705882,0.5559772296015181,-0.03657722473144531,0.7016268556758567
InjecAgent,0.23529411764705882,0.5564516129032258,-0.03633463382720947,0.7016268556758567
InjecAgent,0.23529411764705882,0.5569259962049335,-0.0360223650932312,0.7016268556758567
InjecAgent,0.23529411764705882,0.5574003795066413,-0.03592026233673096,0.7016268556758567
InjecAgent,0.23529411764705882,0.5578747628083491,-0.03589928150177002,0.7016268556758567
InjecAgent,0.23529411764705882,0.5583491461100569,-0.03586110472679138,0.7016268556758567
InjecAgent,0.23529411764705882,0.5588235294117647,-0.03564751148223877,0.7016268556758567
InjecAgent,0.23529411764705882,0.5592979127134725,-0.03546816110610962,0.7016268556758567
InjecAgent,0.23529411764705882,0.5597722960151803,-0.03541100025177002,0.7016268556758567
InjecAgent,0.23529411764705882,0.5602466793168881,-0.035402387380599976,0.7016268556758567
InjecAgent,0.23529411764705882,0.5607210626185958,-0.03538930416107178,0.7016268556758567
InjecAgent,0.23529411764705882,0.5611954459203036,-0.035193413496017456,0.7016268556758567
InjecAgent,0.23529411764705882,0.5616698292220114,-0.034923553466796875,0.7016268556758567
InjecAgent,0.23529411764705882,0.5621442125237192,-0.03482276201248169,0.7016268556758567
InjecAgent,0.23529411764705882,0.562618595825427,-0.03460049629211426,0.7016268556758567
InjecAgent,0.29411764705882354,0.562618595825427,-0.03457832336425781,0.7016268556758567
InjecAgent,0.29411764705882354,0.5630929791271347,-0.034351646900177,0.7016268556758567
InjecAgent,0.29411764705882354,0.5635673624288425,-0.03420838713645935,0.7016268556758567
InjecAgent,0.29411764705882354,0.5640417457305503,-0.03380569815635681,0.7016268556758567
InjecAgent,0.29411764705882354,0.5792220113851992,-0.03356969356536865,0.7016268556758567
InjecAgent,0.29411764705882354,0.579696394686907,-0.033541589975357056,0.7016268556758567
InjecAgent,0.29411764705882354,0.5801707779886148,-0.03354150056838989,0.7016268556758567
InjecAgent,0.29411764705882354,0.5806451612903226,-0.033470988273620605,0.7016268556758567
InjecAgent,0.29411764705882354,0.5811195445920304,-0.033327341079711914,0.7016268556758567
InjecAgent,0.29411764705882354,0.5815939278937381,-0.033249884843826294,0.7016268556758567
InjecAgent,0.29411764705882354,0.5820683111954459,-0.033249616622924805,0.7016268556758567
InjecAgent,0.29411764705882354,0.5825426944971537,-0.03323858976364136,0.7016268556758567
InjecAgent,0.29411764705882354,0.5830170777988615,-0.033238112926483154,0.7016268556758567
InjecAgent,0.29411764705882354,0.5834914611005693,-0.033172547817230225,0.7016268556758567
InjecAgent,0.29411764705882354,0.5839658444022771,-0.03316223621368408,0.7016268556758567
InjecAgent,0.29411764705882354,0.5844402277039848,-0.03314673900604248,0.7016268556758567
InjecAgent,0.29411764705882354,0.5849146110056926,-0.03313255310058594,0.7016268556758567
InjecAgent,0.29411764705882354,0.5853889943074004,-0.03299954533576965,0.7016268556758567
InjecAgent,0.29411764705882354,0.5858633776091081,-0.03273278474807739,0.7016268556758567
InjecAgent,0.29411764705882354,0.5863377609108159,-0.032719314098358154,0.7016268556758567
InjecAgent,0.29411764705882354,0.5868121442125237,-0.032671570777893066,0.7016268556758567
InjecAgent,0.29411764705882354,0.5872865275142315,-0.03263723850250244,0.7016268556758567
InjecAgent,0.29411764705882354,0.5877609108159393,-0.032416075468063354,0.7016268556758567
InjecAgent,0.29411764705882354,0.5882352941176471,-0.032384395599365234,0.7016268556758567
InjecAgent,0.29411764705882354,0.5887096774193549,-0.03233116865158081,0.7016268556758567
InjecAgent,0.29411764705882354,0.5891840607210627,-0.03231167793273926,0.7016268556758567
InjecAgent,0.29411764705882354,0.5896584440227703,-0.032212674617767334,0.7016268556758567
InjecAgent,0.29411764705882354,0.5901328273244781,-0.03208458423614502,0.7016268556758567
InjecAgent,0.29411764705882354,0.5906072106261859,-0.032067179679870605,0.7016268556758567
InjecAgent,0.29411764705882354,0.5910815939278937,-0.03198897838592529,0.7016268556758567
InjecAgent,0.29411764705882354,0.5915559772296015,-0.031988441944122314,0.7016268556758567
InjecAgent,0.29411764705882354,0.5920303605313093,-0.03188478946685791,0.7016268556758567
InjecAgent,0.29411764705882354,0.5925047438330171,-0.03183367848396301,0.7016268556758567
InjecAgent,0.29411764705882354,0.5929791271347249,-0.03180190920829773,0.7016268556758567
InjecAgent,0.29411764705882354,0.5934535104364327,-0.03167960047721863,0.7016268556758567
InjecAgent,0.29411764705882354,0.5939278937381404,-0.031604647636413574,0.7016268556758567
InjecAgent,0.29411764705882354,0.5944022770398482,-0.03149908781051636,0.7016268556758567
InjecAgent,0.29411764705882354,0.594876660341556,-0.03147813677787781,0.7016268556758567
InjecAgent,0.29411764705882354,0.5953510436432637,-0.03132730722427368,0.7016268556758567
InjecAgent,0.29411764705882354,0.5958254269449715,-0.031105130910873413,0.7016268556758567
InjecAgent,0.29411764705882354,0.5962998102466793,-0.031038880348205566,0.7016268556758567
InjecAgent,0.29411764705882354,0.5967741935483871,-0.030801236629486084,0.7016268556758567
InjecAgent,0.29411764705882354,0.5972485768500949,-0.030774712562561035,0.7016268556758567
InjecAgent,0.29411764705882354,0.5977229601518027,-0.030718743801116943,0.7016268556758567
InjecAgent,0.29411764705882354,0.5981973434535104,-0.03056514263153076,0.7016268556758567
InjecAgent,0.29411764705882354,0.5986717267552182,-0.030357003211975098,0.7016268556758567
InjecAgent,0.29411764705882354,0.599146110056926,-0.03034961223602295,0.7016268556758567
InjecAgent,0.29411764705882354,0.5996204933586338,-0.030242443084716797,0.7016268556758567
InjecAgent,0.29411764705882354,0.6000948766603416,-0.03005361557006836,0.7016268556758567
InjecAgent,0.29411764705882354,0.6005692599620494,-0.029963374137878418,0.7016268556758567
InjecAgent,0.29411764705882354,0.6010436432637571,-0.029956042766571045,0.7016268556758567
InjecAgent,0.29411764705882354,0.6015180265654649,-0.02992534637451172,0.7016268556758567
InjecAgent,0.29411764705882354,0.6019924098671727,-0.029767125844955444,0.7016268556758567
InjecAgent,0.29411764705882354,0.6024667931688804,-0.02968728542327881,0.7016268556758567
InjecAgent,0.29411764705882354,0.6029411764705882,-0.02960062026977539,0.7016268556758567
InjecAgent,0.29411764705882354,0.603415559772296,-0.029366493225097656,0.7016268556758567
InjecAgent,0.35294117647058826,0.603415559772296,-0.029123246669769287,0.7016268556758567
InjecAgent,0.35294117647058826,0.6038899430740038,-0.029109835624694824,0.7016268556758567
InjecAgent,0.35294117647058826,0.6043643263757116,-0.028975367546081543,0.7016268556758567
InjecAgent,0.35294117647058826,0.6166982922201139,-0.028859049081802368,0.7016268556758567
InjecAgent,0.35294117647058826,0.6171726755218216,-0.02876800298690796,0.7016268556758567
InjecAgent,0.35294117647058826,0.6176470588235294,-0.028718948364257812,0.7016268556758567
InjecAgent,0.35294117647058826,0.6181214421252372,-0.028445571660995483,0.7016268556758567
InjecAgent,0.35294117647058826,0.618595825426945,-0.028392910957336426,0.7016268556758567
InjecAgent,0.35294117647058826,0.6190702087286527,-0.028305113315582275,0.7016268556758567
InjecAgent,0.35294117647058826,0.6195445920303605,-0.028269529342651367,0.7016268556758567
InjecAgent,0.35294117647058826,0.6200189753320683,-0.02812543511390686,0.7016268556758567
InjecAgent,0.35294117647058826,0.6204933586337761,-0.028088688850402832,0.7016268556758567
InjecAgent,0.35294117647058826,0.6209677419354839,-0.028081119060516357,0.7016268556758567
InjecAgent,0.35294117647058826,0.6214421252371917,-0.02798515558242798,0.7016268556758567
InjecAgent,0.35294117647058826,0.6219165085388995,-0.02797597646713257,0.7016268556758567
InjecAgent,0.35294117647058826,0.6223908918406073,-0.02794426679611206,0.7016268556758567
InjecAgent,0.35294117647058826,0.622865275142315,-0.027791827917099,0.7016268556758567
InjecAgent,0.35294117647058826,0.6233396584440227,-0.02739429473876953,0.7016268556758567
InjecAgent,0.35294117647058826,0.6238140417457305,-0.027342915534973145,0.7016268556758567
InjecAgent,0.35294117647058826,0.6242884250474383,-0.027307480573654175,0.7016268556758567
InjecAgent,0.35294117647058826,0.6247628083491461,-0.027257204055786133,0.7016268556758567
InjecAgent,0.35294117647058826,0.6252371916508539,-0.026898860931396484,0.7016268556758567
InjecAgent,0.35294117647058826,0.6257115749525617,-0.02687510848045349,0.7016268556758567
InjecAgent,0.35294117647058826,0.6261859582542695,-0.026832133531570435,0.7016268556758567
InjecAgent,0.35294117647058826,0.6266603415559773,-0.02678149938583374,0.7016268556758567
InjecAgent,0.35294117647058826,0.627134724857685,-0.02629992365837097,0.7016268556758567
InjecAgent,0.35294117647058826,0.6276091081593927,-0.026233792304992676,0.7016268556758567
InjecAgent,0.35294117647058826,0.6280834914611005,-0.02616789937019348,0.7016268556758567
InjecAgent,0.35294117647058826,0.6285578747628083,-0.026041388511657715,0.7016268556758567
InjecAgent,0.35294117647058826,0.6290322580645161,-0.025885462760925293,0.7016268556758567
InjecAgent,0.35294117647058826,0.6295066413662239,-0.02551048994064331,0.7016268556758567
InjecAgent,0.35294117647058826,0.6299810246679317,-0.025432229042053223,0.7016268556758567
InjecAgent,0.35294117647058826,0.6304554079696395,-0.025106370449066162,0.7016268556758567
InjecAgent,0.35294117647058826,0.6309297912713473,-0.024947702884674072,0.7016268556758567
InjecAgent,0.35294117647058826,0.631404174573055,-0.024943292140960693,0.7016268556758567
InjecAgent,0.35294117647058826,0.6318785578747628,-0.024927407503128052,0.7016268556758567
InjecAgent,0.35294117647058826,0.6323529411764706,-0.024783432483673096,0.7016268556758567
InjecAgent,0.35294117647058826,0.6328273244781784,-0.02471339702606201,0.7016268556758567
InjecAgent,0.35294117647058826,0.6333017077798861,-0.024662256240844727,0.7016268556758567
InjecAgent,0.35294117647058826,0.6337760910815939,-0.024625301361083984,0.7016268556758567
InjecAgent,0.35294117647058826,0.6342504743833017,-0.02461022138595581,0.7016268556758567
InjecAgent,0.35294117647058826,0.6347248576850095,-0.024599671363830566,0.7016268556758567
InjecAgent,0.35294117647058826,0.6351992409867173,-0.024423956871032715,0.7016268556758567
InjecAgent,0.35294117647058826,0.635673624288425,-0.024414658546447754,0.7016268556758567
InjecAgent,0.35294117647058826,0.6361480075901328,-0.024406850337982178,0.7016268556758567
InjecAgent,0.35294117647058826,0.6366223908918406,-0.02438253164291382,0.7016268556758567
InjecAgent,0.35294117647058826,0.6370967741935484,-0.0241011381149292,0.7016268556758567
InjecAgent,0.35294117647058826,0.6375711574952562,-0.023831963539123535,0.7016268556758567
InjecAgent,0.35294117647058826,0.638045540796964,-0.023786067962646484,0.7016268556758567
InjecAgent,0.35294117647058826,0.6385199240986718,-0.023634672164916992,0.7016268556758567
InjecAgent,0.35294117647058826,0.6389943074003795,-0.023453742265701294,0.7016268556758567
InjecAgent,0.35294117647058826,0.6394686907020873,-0.023397445678710938,0.7016268556758567
InjecAgent,0.35294117647058826,0.639943074003795,-0.02336108684539795,0.7016268556758567
InjecAgent,0.35294117647058826,0.6404174573055028,-0.023342221975326538,0.7016268556758567
InjecAgent,0.35294117647058826,0.6408918406072106,-0.02323940396308899,0.7016268556758567
InjecAgent,0.35294117647058826,0.6413662239089184,-0.02310943603515625,0.7016268556758567
InjecAgent,0.35294117647058826,0.6418406072106262,-0.02306544780731201,0.7016268556758567
InjecAgent,0.4117647058823529,0.6622390891840607,-0.02285677194595337,0.7016268556758567
InjecAgent,0.4117647058823529,0.6627134724857685,-0.022842347621917725,0.7016268556758567
InjecAgent,0.4117647058823529,0.6631878557874763,-0.02268296480178833,0.7016268556758567
InjecAgent,0.4117647058823529,0.6636622390891841,-0.022510409355163574,0.7016268556758567
InjecAgent,0.4117647058823529,0.6641366223908919,-0.02227342128753662,0.7016268556758567
InjecAgent,0.4117647058823529,0.6646110056925996,-0.0221443772315979,0.7016268556758567
InjecAgent,0.4117647058823529,0.6650853889943074,-0.022077560424804688,0.7016268556758567
InjecAgent,0.4117647058823529,0.6655597722960152,-0.022040486335754395,0.7016268556758567
InjecAgent,0.4117647058823529,0.6660341555977229,-0.022030353546142578,0.7016268556758567
InjecAgent,0.4117647058823529,0.6665085388994307,-0.022002816200256348,0.7016268556758567
InjecAgent,0.4117647058823529,0.6669829222011385,-0.021991729736328125,0.7016268556758567
InjecAgent,0.4117647058823529,0.6674573055028463,-0.02197745442390442,0.7016268556758567
InjecAgent,0.4117647058823529,0.6679316888045541,-0.02197498083114624,0.7016268556758567
InjecAgent,0.4117647058823529,0.6684060721062619,-0.02190685272216797,0.7016268556758567
InjecAgent,0.4117647058823529,0.6688804554079696,-0.02171611785888672,0.7016268556758567
InjecAgent,0.4117647058823529,0.6693548387096774,-0.021677881479263306,0.7016268556758567
InjecAgent,0.4117647058823529,0.6698292220113852,-0.021650075912475586,0.7016268556758567
InjecAgent,0.4117647058823529,0.670303605313093,-0.0215909481048584,0.7016268556758567
InjecAgent,0.4117647058823529,0.6707779886148008,-0.021514058113098145,0.7016268556758567
InjecAgent,0.4117647058823529,0.6712523719165086,-0.021498560905456543,0.7016268556758567
InjecAgent,0.4117647058823529,0.6717267552182163,-0.02148681879043579,0.7016268556758567
InjecAgent,0.4117647058823529,0.6722011385199241,-0.021263927221298218,0.7016268556758567
InjecAgent,0.4117647058823529,0.6726755218216319,-0.021120190620422363,0.7016268556758567
InjecAgent,0.4117647058823529,0.6731499051233396,-0.02110469341278076,0.7016268556758567
InjecAgent,0.4117647058823529,0.6736242884250474,-0.021068155765533447,0.7016268556758567
InjecAgent,0.4117647058823529,0.6740986717267552,-0.020809322595596313,0.7016268556758567
InjecAgent,0.4117647058823529,0.674573055028463,-0.020716369152069092,0.7016268556758567
InjecAgent,0.4117647058823529,0.6750474383301708,-0.020680010318756104,0.7016268556758567
InjecAgent,0.4117647058823529,0.6755218216318786,-0.020619630813598633,0.7016268556758567
InjecAgent,0.4117647058823529,0.6759962049335864,-0.020550698041915894,0.7016268556758567
InjecAgent,0.4117647058823529,0.6764705882352942,-0.020540952682495117,0.7016268556758567
InjecAgent,0.4117647058823529,0.676944971537002,-0.020192205905914307,0.7016268556758567
InjecAgent,0.4117647058823529,0.6774193548387096,-0.019858956336975098,0.7016268556758567
InjecAgent,0.4117647058823529,0.6778937381404174,-0.01968514919281006,0.7016268556758567
InjecAgent,0.4117647058823529,0.6783681214421252,-0.019188642501831055,0.7016268556758567
InjecAgent,0.4117647058823529,0.678842504743833,-0.019013404846191406,0.7016268556758567
InjecAgent,0.4117647058823529,0.6793168880455408,-0.018986046314239502,0.7016268556758567
InjecAgent,0.4117647058823529,0.6797912713472486,-0.018929779529571533,0.7016268556758567
InjecAgent,0.4117647058823529,0.6802656546489564,-0.01879286766052246,0.7016268556758567
InjecAgent,0.4117647058823529,0.6807400379506642,-0.018790990114212036,0.7016268556758567
InjecAgent,0.4117647058823529,0.681214421252372,-0.018784523010253906,0.7016268556758567
InjecAgent,0.47058823529411764,0.681214421252372,-0.01870661973953247,0.7016268556758567
InjecAgent,0.47058823529411764,0.6816888045540797,-0.018486350774765015,0.7016268556758567
InjecAgent,0.47058823529411764,0.6821631878557874,-0.01841557025909424,0.7016268556758567
InjecAgent,0.47058823529411764,0.6826375711574952,-0.0182989239692688,0.7016268556758567
InjecAgent,0.47058823529411764,0.683111954459203,-0.018169313669204712,0.7016268556758567
InjecAgent,0.47058823529411764,0.6835863377609108,-0.018103480339050293,0.7016268556758567
InjecAgent,0.47058823529411764,0.6840607210626186,-0.017724990844726562,0.7016268556758567
InjecAgent,0.47058823529411764,0.6845351043643264,-0.017548203468322754,0.7016268556758567
InjecAgent,0.47058823529411764,0.6850094876660342,-0.017407327890396118,0.7016268556758567
InjecAgent,0.47058823529411764,0.6854838709677419,-0.017238378524780273,0.7016268556758567
InjecAgent,0.47058823529411764,0.6859582542694497,-0.0169619619846344,0.7016268556758567
InjecAgent,0.47058823529411764,0.6864326375711575,-0.016946077346801758,0.7016268556758567
InjecAgent,0.47058823529411764,0.6869070208728653,-0.016931891441345215,0.7016268556758567
InjecAgent,0.47058823529411764,0.687381404174573,-0.01689469814300537,0.7016268556758567
InjecAgent,0.47058823529411764,0.6878557874762808,-0.016800761222839355,0.7016268556758567
InjecAgent,0.47058823529411764,0.702561669829222,-0.01667359471321106,0.7016268556758567
InjecAgent,0.47058823529411764,0.7030360531309298,-0.01656043529510498,0.7016268556758567
InjecAgent,0.47058823529411764,0.7035104364326376,-0.01652941107749939,0.7016268556758567
InjecAgent,0.47058823529411764,0.7039848197343453,-0.01623547077178955,0.7016268556758567
InjecAgent,0.47058823529411764,0.7044592030360531,-0.016100913286209106,0.7016268556758567
InjecAgent,0.47058823529411764,0.7049335863377609,-0.01589834690093994,0.7016268556758567
InjecAgent,0.47058823529411764,0.7054079696394687,-0.01580822467803955,0.7016268556758567
InjecAgent,0.47058823529411764,0.7058823529411765,-0.01568734645843506,0.7016268556758567
InjecAgent,0.47058823529411764,0.7063567362428842,-0.015584766864776611,0.7016268556758567
InjecAgent,0.47058823529411764,0.706831119544592,-0.015425384044647217,0.7016268556758567
InjecAgent,0.47058823529411764,0.7073055028462998,-0.015349239110946655,0.7016268556758567
InjecAgent,0.47058823529411764,0.7077798861480076,-0.015116333961486816,0.7016268556758567
InjecAgent,0.47058823529411764,0.7082542694497154,-0.015088975429534912,0.7016268556758567
InjecAgent,0.47058823529411764,0.7087286527514232,-0.01497870683670044,0.7016268556758567
InjecAgent,0.47058823529411764,0.7229601518026565,-0.014936864376068115,0.7016268556758567
InjecAgent,0.47058823529411764,0.7234345351043643,-0.01487720012664795,0.7016268556758567
InjecAgent,0.47058823529411764,0.7239089184060721,-0.014757543802261353,0.7016268556758567
InjecAgent,0.47058823529411764,0.7243833017077799,-0.01464015245437622,0.7016268556758567
InjecAgent,0.47058823529411764,0.7248576850094877,-0.0145341157913208,0.7016268556758567
InjecAgent,0.47058823529411764,0.7253320683111955,-0.014396965503692627,0.7016268556758567
InjecAgent,0.47058823529411764,0.7258064516129032,-0.014152705669403076,0.7016268556758567
InjecAgent,0.47058823529411764,0.726280834914611,-0.013710319995880127,0.7016268556758567
InjecAgent,0.47058823529411764,0.7267552182163188,-0.013646066188812256,0.7016268556758567
InjecAgent,0.47058823529411764,0.7272296015180265,-0.013614356517791748,0.7016268556758567
InjecAgent,0.47058823529411764,0.7277039848197343,-0.013479292392730713,0.7016268556758567
InjecAgent,0.47058823529411764,0.7281783681214421,-0.013436555862426758,0.7016268556758567
InjecAgent,0.47058823529411764,0.7286527514231499,-0.013408094644546509,0.7016268556758567
InjecAgent,0.47058823529411764,0.7291271347248577,-0.013242602348327637,0.7016268556758567
InjecAgent,0.47058823529411764,0.7296015180265655,-0.013131797313690186,0.7016268556758567
InjecAgent,0.47058823529411764,0.7300759013282733,-0.013041377067565918,0.7016268556758567
InjecAgent,0.47058823529411764,0.7305502846299811,-0.013023704290390015,0.7016268556758567
InjecAgent,0.47058823529411764,0.7310246679316889,-0.012622237205505371,0.7016268556758567
InjecAgent,0.47058823529411764,0.7314990512333965,-0.012267351150512695,0.7016268556758567
InjecAgent,0.47058823529411764,0.7319734345351043,-0.012161016464233398,0.7016268556758567
InjecAgent,0.47058823529411764,0.7324478178368121,-0.012124955654144287,0.7016268556758567
InjecAgent,0.47058823529411764,0.7329222011385199,-0.012019604444503784,0.7016268556758567
InjecAgent,0.47058823529411764,0.7333965844402277,-0.01161658763885498,0.7016268556758567
InjecAgent,0.47058823529411764,0.7338709677419355,-0.011603236198425293,0.7016268556758567
InjecAgent,0.47058823529411764,0.7343453510436433,-0.011282801628112793,0.7016268556758567
InjecAgent,0.47058823529411764,0.7348197343453511,-0.011203229427337646,0.7016268556758567
InjecAgent,0.47058823529411764,0.7352941176470589,-0.01116025447845459,0.7016268556758567
InjecAgent,0.47058823529411764,0.7357685009487666,-0.010931253433227539,0.7016268556758567
InjecAgent,0.47058823529411764,0.7362428842504743,-0.010479331016540527,0.7016268556758567
InjecAgent,0.47058823529411764,0.7367172675521821,-0.010335206985473633,0.7016268556758567
InjecAgent,0.47058823529411764,0.7556925996204934,-0.010256648063659668,0.7016268556758567
InjecAgent,0.47058823529411764,0.7561669829222012,-0.009904921054840088,0.7016268556758567
InjecAgent,0.47058823529411764,0.7566413662239089,-0.009138256311416626,0.7016268556758567
InjecAgent,0.47058823529411764,0.7571157495256167,-0.009024500846862793,0.7016268556758567
InjecAgent,0.47058823529411764,0.7575901328273245,-0.008761554956436157,0.7016268556758567
InjecAgent,0.47058823529411764,0.7580645161290323,-0.008533120155334473,0.7016268556758567
InjecAgent,0.47058823529411764,0.75853889943074,-0.008286356925964355,0.7016268556758567
InjecAgent,0.47058823529411764,0.7590132827324478,-0.008266866207122803,0.7016268556758567
InjecAgent,0.47058823529411764,0.7594876660341556,-0.008204221725463867,0.7016268556758567
InjecAgent,0.5294117647058824,0.7594876660341556,-0.008011162281036377,0.7016268556758567
InjecAgent,0.5294117647058824,0.7599620493358634,-0.007621407508850098,0.7016268556758567
InjecAgent,0.5294117647058824,0.7604364326375711,-0.007580220699310303,0.7016268556758567
InjecAgent,0.5294117647058824,0.7609108159392789,-0.007500171661376953,0.7016268556758567
InjecAgent,0.5294117647058824,0.7613851992409867,-0.007235825061798096,0.7016268556758567
InjecAgent,0.5294117647058824,0.7618595825426945,-0.007211267948150635,0.7016268556758567
InjecAgent,0.5882352941176471,0.7618595825426945,-0.007198810577392578,0.7016268556758567
InjecAgent,0.5882352941176471,0.7623339658444023,-0.007107794284820557,0.7016268556758567
InjecAgent,0.5882352941176471,0.7628083491461101,-0.006903290748596191,0.7016268556758567
InjecAgent,0.5882352941176471,0.7632827324478179,-0.0068274736404418945,0.7016268556758567
InjecAgent,0.5882352941176471,0.7637571157495257,-0.005952715873718262,0.7016268556758567
InjecAgent,0.5882352941176471,0.7642314990512334,-0.005934685468673706,0.7016268556758567
InjecAgent,0.5882352941176471,0.7647058823529411,-0.005698829889297485,0.7016268556758567
InjecAgent,0.5882352941176471,0.7651802656546489,-0.005678623914718628,0.7016268556758567
InjecAgent,0.6470588235294118,0.7651802656546489,-0.005591154098510742,0.7016268556758567
InjecAgent,0.6470588235294118,0.7656546489563567,-0.0055272579193115234,0.7016268556758567
InjecAgent,0.6470588235294118,0.7661290322580645,-0.005456507205963135,0.7016268556758567
InjecAgent,0.6470588235294118,0.7666034155597723,-0.005334198474884033,0.7016268556758567
InjecAgent,0.6470588235294118,0.7670777988614801,-0.005261898040771484,0.7016268556758567
InjecAgent,0.6470588235294118,0.7675521821631879,-0.005223572254180908,0.7016268556758567
InjecAgent,0.6470588235294118,0.7680265654648957,-0.004885196685791016,0.7016268556758567
InjecAgent,0.6470588235294118,0.7685009487666035,-0.0047550201416015625,0.7016268556758567
InjecAgent,0.6470588235294118,0.7689753320683111,-0.004701375961303711,0.7016268556758567
InjecAgent,0.6470588235294118,0.7694497153700189,-0.0046852827072143555,0.7016268556758567
InjecAgent,0.7058823529411765,0.788899430740038,-0.004684180021286011,0.7016268556758567
InjecAgent,0.7058823529411765,0.7893738140417458,-0.004613161087036133,0.7016268556758567
InjecAgent,0.7058823529411765,0.7898481973434535,-0.0041904449462890625,0.7016268556758567
InjecAgent,0.7058823529411765,0.7903225806451613,-0.004027903079986572,0.7016268556758567
InjecAgent,0.7058823529411765,0.790796963946869,-0.00401383638381958,0.7016268556758567
InjecAgent,0.7058823529411765,0.7912713472485768,-0.003907263278961182,0.7016268556758567
InjecAgent,0.7058823529411765,0.7917457305502846,-0.003866910934448242,0.7016268556758567
InjecAgent,0.7058823529411765,0.7922201138519924,-0.003674328327178955,0.7016268556758567
InjecAgent,0.7058823529411765,0.7926944971537002,-0.0036551356315612793,0.7016268556758567
InjecAgent,0.7058823529411765,0.793168880455408,-0.0035430192947387695,0.7016268556758567
InjecAgent,0.7058823529411765,0.7936432637571158,-0.003315150737762451,0.7016268556758567
InjecAgent,0.7058823529411765,0.8130929791271347,-0.0032352209091186523,0.7016268556758567
InjecAgent,0.7058823529411765,0.8135673624288425,-0.003087162971496582,0.7016268556758567
InjecAgent,0.7058823529411765,0.8140417457305503,-0.002865135669708252,0.7016268556758567
InjecAgent,0.7058823529411765,0.8145161290322581,-0.0023903250694274902,0.7016268556758567
InjecAgent,0.7058823529411765,0.8149905123339658,-0.0023633241653442383,0.7016268556758567
InjecAgent,0.7058823529411765,0.8154648956356736,-0.00208204984664917,0.7016268556758567
InjecAgent,0.7058823529411765,0.8159392789373814,-0.001719355583190918,0.7016268556758567
InjecAgent,0.7058823529411765,0.8164136622390892,-0.0017044544219970703,0.7016268556758567
InjecAgent,0.7058823529411765,0.816888045540797,-0.0016952157020568848,0.7016268556758567
InjecAgent,0.7058823529411765,0.8173624288425048,-0.001659095287322998,0.7016268556758567
InjecAgent,0.7058823529411765,0.8178368121442126,-0.0013468265533447266,0.7016268556758567
InjecAgent,0.7058823529411765,0.8183111954459203,-0.0009344816207885742,0.7016268556758567
InjecAgent,0.7058823529411765,0.818785578747628,-0.0004017949104309082,0.7016268556758567
InjecAgent,0.7058823529411765,0.8192599620493358,-0.00025767087936401367,0.7016268556758567
InjecAgent,0.7058823529411765,0.8197343453510436,-0.00023955106735229492,0.7016268556758567
InjecAgent,0.7058823529411765,0.8202087286527514,-0.00010147690773010254,0.7016268556758567
InjecAgent,0.7058823529411765,0.8206831119544592,-6.437301635742188e-05,0.7016268556758567
InjecAgent,0.7058823529411765,0.821157495256167,-6.67572021484375e-06,0.7016268556758567
InjecAgent,0.7058823529411765,0.8216318785578748,1.1771917343139648e-05,0.7016268556758567
InjecAgent,0.7058823529411765,0.8221062618595826,2.3812055587768555e-05,0.7016268556758567
InjecAgent,0.7058823529411765,0.8225806451612904,0.00018334388732910156,0.7016268556758567
InjecAgent,0.7058823529411765,0.823055028462998,0.000504910945892334,0.7016268556758567
InjecAgent,0.7058823529411765,0.8235294117647058,0.0005732476711273193,0.7016268556758567
InjecAgent,0.7058823529411765,0.8240037950664136,0.0010159015655517578,0.7016268556758567
InjecAgent,0.7058823529411765,0.8244781783681214,0.0011578798294067383,0.7016268556758567
InjecAgent,0.7058823529411765,0.8249525616698292,0.0013654232025146484,0.7016268556758567
InjecAgent,0.7058823529411765,0.825426944971537,0.0016796588897705078,0.7016268556758567
InjecAgent,0.7058823529411765,0.8259013282732448,0.001722097396850586,0.7016268556758567
InjecAgent,0.7058823529411765,0.8263757115749526,0.0017766356468200684,0.7016268556758567
InjecAgent,0.7647058823529411,0.8263757115749526,0.0018426775932312012,0.7016268556758567
InjecAgent,0.7647058823529411,0.8268500948766604,0.00198441743850708,0.7016268556758567
InjecAgent,0.7647058823529411,0.8273244781783681,0.002479732036590576,0.7016268556758567
InjecAgent,0.7647058823529411,0.8277988614800759,0.002643585205078125,0.7016268556758567
InjecAgent,0.7647058823529411,0.8282732447817837,0.002875685691833496,0.7016268556758567
InjecAgent,0.7647058823529411,0.8287476280834914,0.002890557050704956,0.7016268556758567
InjecAgent,0.7647058823529411,0.8292220113851992,0.003228425979614258,0.7016268556758567
InjecAgent,0.7647058823529411,0.829696394686907,0.0035310983657836914,0.7016268556758567
InjecAgent,0.7647058823529411,0.8301707779886148,0.0036044716835021973,0.7016268556758567
InjecAgent,0.7647058823529411,0.8306451612903226,0.0037467479705810547,0.7016268556758567
InjecAgent,0.7647058823529411,0.8311195445920304,0.0038726627826690674,0.7016268556758567
InjecAgent,0.7647058823529411,0.8315939278937381,0.0038974881172180176,0.7016268556758567
InjecAgent,0.7647058823529411,0.8320683111954459,0.004621386528015137,0.7016268556758567
InjecAgent,0.7647058823529411,0.8325426944971537,0.004732042551040649,0.7016268556758567
InjecAgent,0.7647058823529411,0.8330170777988615,0.00475621223449707,0.7016268556758567
InjecAgent,0.7647058823529411,0.8334914611005693,0.005069613456726074,0.7016268556758567
InjecAgent,0.7647058823529411,0.8339658444022771,0.005094349384307861,0.7016268556758567
InjecAgent,0.7647058823529411,0.8344402277039848,0.005135953426361084,0.7016268556758567
InjecAgent,0.7647058823529411,0.8349146110056926,0.005258053541183472,0.7016268556758567
InjecAgent,0.7647058823529411,0.8353889943074004,0.005329728126525879,0.7016268556758567
InjecAgent,0.7647058823529411,0.8358633776091081,0.005442023277282715,0.7016268556758567
InjecAgent,0.7647058823529411,0.8363377609108159,0.005679011344909668,0.7016268556758567
InjecAgent,0.7647058823529411,0.8500948766603416,0.006029486656188965,0.7016268556758567
InjecAgent,0.7647058823529411,0.8505692599620494,0.0066131651401519775,0.7016268556758567
InjecAgent,0.7647058823529411,0.8510436432637571,0.006850242614746094,0.7016268556758567
InjecAgent,0.7647058823529411,0.8515180265654649,0.007214665412902832,0.7016268556758567
InjecAgent,0.7647058823529411,0.8519924098671727,0.007865846157073975,0.7016268556758567
InjecAgent,0.7647058823529411,0.8524667931688804,0.007888555526733398,0.7016268556758567
InjecAgent,0.7647058823529411,0.8529411764705882,0.007961392402648926,0.7016268556758567
InjecAgent,0.7647058823529411,0.853415559772296,0.008042365312576294,0.7016268556758567
InjecAgent,0.7647058823529411,0.8538899430740038,0.008098810911178589,0.7016268556758567
InjecAgent,0.7647058823529411,0.8543643263757116,0.00826716423034668,0.7016268556758567
InjecAgent,0.7647058823529411,0.8548387096774194,0.00827839970588684,0.7016268556758567
InjecAgent,0.7647058823529411,0.8553130929791272,0.008405208587646484,0.7016268556758567
InjecAgent,0.7647058823529411,0.855787476280835,0.008606791496276855,0.7016268556758567
InjecAgent,0.7647058823529411,0.8562618595825426,0.008777081966400146,0.7016268556758567
InjecAgent,0.7647058823529411,0.8567362428842504,0.008916735649108887,0.7016268556758567
InjecAgent,0.7647058823529411,0.8572106261859582,0.00893944501876831,0.7016268556758567
InjecAgent,0.7647058823529411,0.857685009487666,0.00899466872215271,0.7016268556758567
InjecAgent,0.7647058823529411,0.8581593927893738,0.009000182151794434,0.7016268556758567
InjecAgent,0.7647058823529411,0.8586337760910816,0.00901806354522705,0.7016268556758567
InjecAgent,0.7647058823529411,0.8591081593927894,0.009029746055603027,0.7016268556758567
InjecAgent,0.7647058823529411,0.8595825426944972,0.009421736001968384,0.7016268556758567
InjecAgent,0.7647058823529411,0.860056925996205,0.009648382663726807,0.7016268556758567
InjecAgent,0.7647058823529411,0.8605313092979127,0.009675741195678711,0.7016268556758567
InjecAgent,0.7647058823529411,0.8610056925996205,0.00989881157875061,0.7016268556758567
InjecAgent,0.7647058823529411,0.8614800759013282,0.010113298892974854,0.7016268556758567
InjecAgent,0.7647058823529411,0.861954459203036,0.010121762752532959,0.7016268556758567
InjecAgent,0.7647058823529411,0.8624288425047438,0.010186314582824707,0.7016268556758567
InjecAgent,0.7647058823529411,0.8629032258064516,0.010450482368469238,0.7016268556758567
InjecAgent,0.7647058823529411,0.8633776091081594,0.0108414888381958,0.7016268556758567
InjecAgent,0.7647058823529411,0.8638519924098672,0.010852575302124023,0.7016268556758567
InjecAgent,0.7647058823529411,0.864326375711575,0.01130908727645874,0.7016268556758567
InjecAgent,0.7647058823529411,0.8648007590132827,0.011593878269195557,0.7016268556758567
InjecAgent,0.7647058823529411,0.8652751423149905,0.012055397033691406,0.7016268556758567
InjecAgent,0.7647058823529411,0.8657495256166983,0.012070149183273315,0.7016268556758567
InjecAgent,0.7647058823529411,0.8662239089184061,0.012096822261810303,0.7016268556758567
InjecAgent,0.7647058823529411,0.8666982922201139,0.012116581201553345,0.7016268556758567
InjecAgent,0.7647058823529411,0.8671726755218216,0.012274056673049927,0.7016268556758567
InjecAgent,0.7647058823529411,0.8676470588235294,0.012322694063186646,0.7016268556758567
InjecAgent,0.7647058823529411,0.8681214421252372,0.01259562373161316,0.7016268556758567
InjecAgent,0.8235294117647058,0.8681214421252372,0.012902319431304932,0.7016268556758567
InjecAgent,0.8235294117647058,0.8818785578747628,0.013451576232910156,0.7016268556758567
InjecAgent,0.8235294117647058,0.8823529411764706,0.013967275619506836,0.7016268556758567
InjecAgent,0.8235294117647058,0.8828273244781784,0.014454841613769531,0.7016268556758567
InjecAgent,0.8235294117647058,0.8833017077798861,0.014494091272354126,0.7016268556758567
InjecAgent,0.8235294117647058,0.8837760910815939,0.014520078897476196,0.7016268556758567
InjecAgent,0.8235294117647058,0.8842504743833017,0.014560222625732422,0.7016268556758567
InjecAgent,0.8235294117647058,0.8847248576850095,0.015259653329849243,0.7016268556758567
InjecAgent,0.8235294117647058,0.8851992409867173,0.015360414981842041,0.7016268556758567
InjecAgent,0.8235294117647058,0.885673624288425,0.015558362007141113,0.7016268556758567
InjecAgent,0.8235294117647058,0.8861480075901328,0.016003727912902832,0.7016268556758567
InjecAgent,0.8235294117647058,0.8866223908918406,0.016582608222961426,0.7016268556758567
InjecAgent,0.8235294117647058,0.8980075901328273,0.016798079013824463,0.7016268556758567
InjecAgent,0.8235294117647058,0.8984819734345351,0.01689857244491577,0.7016268556758567
InjecAgent,0.8235294117647058,0.8989563567362429,0.017024517059326172,0.7016268556758567
InjecAgent,0.8235294117647058,0.8994307400379506,0.0171394944190979,0.7016268556758567
InjecAgent,0.8235294117647058,0.8999051233396584,0.01734989881515503,0.7016268556758567
InjecAgent,0.8235294117647058,0.9003795066413662,0.017439723014831543,0.7016268556758567
InjecAgent,0.8235294117647058,0.900853889943074,0.017610013484954834,0.7016268556758567
InjecAgent,0.8235294117647058,0.9013282732447818,0.017744064331054688,0.7016268556758567
InjecAgent,0.8235294117647058,0.9018026565464896,0.01811850070953369,0.7016268556758567
InjecAgent,0.8235294117647058,0.9022770398481973,0.01812109351158142,0.7016268556758567
InjecAgent,0.8235294117647058,0.9027514231499051,0.01816985011100769,0.7016268556758567
InjecAgent,0.8235294117647058,0.9032258064516129,0.018546491861343384,0.7016268556758567
InjecAgent,0.8235294117647058,0.9037001897533207,0.01930573582649231,0.7016268556758567
InjecAgent,0.8823529411764706,0.9037001897533207,0.01932850480079651,0.7016268556758567
InjecAgent,0.8823529411764706,0.9041745730550285,0.019376814365386963,0.7016268556758567
InjecAgent,0.8823529411764706,0.9046489563567363,0.019736886024475098,0.7016268556758567
InjecAgent,0.8823529411764706,0.905123339658444,0.019845187664031982,0.7016268556758567
InjecAgent,0.8823529411764706,0.9055977229601518,0.020359724760055542,0.7016268556758567
InjecAgent,0.8823529411764706,0.9060721062618596,0.02040761709213257,0.7016268556758567
InjecAgent,0.8823529411764706,0.9065464895635673,0.02052605152130127,0.7016268556758567
InjecAgent,0.9411764705882353,0.9184060721062619,0.020610779523849487,0.7016268556758567
InjecAgent,0.9411764705882353,0.9188804554079696,0.020635902881622314,0.7016268556758567
InjecAgent,0.9411764705882353,0.9193548387096774,0.02172371745109558,0.7016268556758567
InjecAgent,0.9411764705882353,0.9198292220113852,0.021793365478515625,0.7016268556758567
InjecAgent,0.9411764705882353,0.920303605313093,0.022237718105316162,0.7016268556758567
InjecAgent,0.9411764705882353,0.9207779886148008,0.02236926555633545,0.7016268556758567
InjecAgent,0.9411764705882353,0.9212523719165086,0.023116260766983032,0.7016268556758567
InjecAgent,0.9411764705882353,0.9402277039848197,0.02319544553756714,0.7016268556758567
InjecAgent,0.9411764705882353,0.9407020872865275,0.023830890655517578,0.7016268556758567
InjecAgent,0.9411764705882353,0.9411764705882353,0.02426624298095703,0.7016268556758567
InjecAgent,0.9411764705882353,0.9416508538899431,0.02427893877029419,0.7016268556758567
InjecAgent,0.9411764705882353,0.9421252371916509,0.024737805128097534,0.7016268556758567
InjecAgent,0.9411764705882353,0.9425996204933587,0.02487713098526001,0.7016268556758567
InjecAgent,0.9411764705882353,0.9430740037950665,0.02490335702896118,0.7016268556758567
InjecAgent,0.9411764705882353,0.9435483870967742,0.02491176128387451,0.7016268556758567
InjecAgent,0.9411764705882353,0.9440227703984819,0.025030016899108887,0.7016268556758567
InjecAgent,0.9411764705882353,0.9444971537001897,0.02503138780593872,0.7016268556758567
InjecAgent,0.9411764705882353,0.9449715370018975,0.02508533000946045,0.7016268556758567
InjecAgent,0.9411764705882353,0.9454459203036053,0.025155723094940186,0.7016268556758567
InjecAgent,0.9411764705882353,0.9459203036053131,0.02545800805091858,0.7016268556758567
InjecAgent,0.9411764705882353,0.9463946869070209,0.02546963095664978,0.7016268556758567
InjecAgent,0.9411764705882353,0.9468690702087287,0.026103079319000244,0.7016268556758567
InjecAgent,0.9411764705882353,0.9473434535104365,0.02612483501434326,0.7016268556758567
InjecAgent,0.9411764705882353,0.9478178368121443,0.026620090007781982,0.7016268556758567
InjecAgent,0.9411764705882353,0.948292220113852,0.02670001983642578,0.7016268556758567
InjecAgent,0.9411764705882353,0.9487666034155597,0.026796460151672363,0.7016268556758567
InjecAgent,0.9411764705882353,0.9492409867172675,0.027015358209609985,0.7016268556758567
InjecAgent,0.9411764705882353,0.9497153700189753,0.02732989192008972,0.7016268556758567
InjecAgent,0.9411764705882353,0.9501897533206831,0.0279543399810791,0.7016268556758567
InjecAgent,1.0,0.9501897533206831,0.028444230556488037,0.7016268556758567
InjecAgent,1.0,0.972011385199241,0.028764396905899048,0.7016268556758567
InjecAgent,1.0,0.9724857685009488,0.02877366542816162,0.7016268556758567
InjecAgent,1.0,0.9843453510436433,0.03105098009109497,0.7016268556758567
InjecAgent,1.0,0.9848197343453511,0.03167533874511719,0.7016268556758567
InjecAgent,1.0,1.0,inf,0.7016268556758567
