dataset,fpr,tpr,threshold,auc
BIPIA,0.0,0.0,-inf,0.9559239583333382
BIPIA,0.0,0.0,-3.7133169174194336,0.9559239583333382
BIPIA,0.0,0.0008333333333333334,-3.632103681564331,0.9559239583333382
BIPIA,0.0,0.0016666666666666668,-3.5558388233184814,0.9559239583333382
BIPIA,0.0,0.0025,-3.5361502170562744,0.9559239583333382
BIPIA,0.0,0.0033333333333333335,-3.363651752471924,0.9559239583333382
BIPIA,0.0,0.004166666666666667,-3.263655662536621,0.9559239583333382
BIPIA,0.0,0.005,-3.24415922164917,0.9559239583333382
BIPIA,0.0,0.005833333333333334,-3.147940158843994,0.9559239583333382
BIPIA,0.0,0.006666666666666667,-3.0967531204223633,0.9559239583333382
BIPIA,0.0,0.0075,-3.0917892456054688,0.9559239583333382
BIPIA,0.0,0.008333333333333333,-3.091176986694336,0.9559239583333382
BIPIA,0.0,0.009166666666666667,-3.067615509033203,0.9559239583333382
BIPIA,0.0,0.01,-3.046459913253784,0.9559239583333382
BIPIA,0.0,0.010833333333333334,-3.0262041091918945,0.9559239583333382
BIPIA,0.0,0.011666666666666667,-3.0127720832824707,0.9559239583333382
BIPIA,0.0,0.0125,-3.006192684173584,0.9559239583333382
BIPIA,0.0,0.013333333333333334,-3.0052385330200195,0.9559239583333382
BIPIA,0.0,0.014166666666666666,-2.999696969985962,0.9559239583333382
BIPIA,0.0,0.015,-2.9878344535827637,0.9559239583333382
BIPIA,0.0,0.015833333333333335,-2.984787702560425,0.9559239583333382
BIPIA,0.0,0.016666666666666666,-2.9487602710723877,0.9559239583333382
BIPIA,0.0,0.0175,-2.945763111114502,0.9559239583333382
BIPIA,0.0,0.018333333333333333,-2.9389991760253906,0.9559239583333382
BIPIA,0.0,0.019166666666666665,-2.931030511856079,0.9559239583333382
BIPIA,0.0,0.02,-2.925703525543213,0.9559239583333382
BIPIA,0.0,0.020833333333333332,-2.908313512802124,0.9559239583333382
BIPIA,0.0,0.021666666666666667,-2.857100009918213,0.9559239583333382
BIPIA,0.0,0.0225,-2.8564977645874023,0.9559239583333382
BIPIA,0.0,0.023333333333333334,-2.8527297973632812,0.9559239583333382
BIPIA,0.0,0.024166666666666666,-2.8252949714660645,0.9559239583333382
BIPIA,0.0,0.025,-2.8098912239074707,0.9559239583333382
BIPIA,0.0,0.025833333333333333,-2.7954466342926025,0.9559239583333382
BIPIA,0.0,0.02666666666666667,-2.787893772125244,0.9559239583333382
BIPIA,0.0,0.0275,-2.757352828979492,0.9559239583333382
BIPIA,0.0,0.028333333333333332,-2.748345375061035,0.9559239583333382
BIPIA,0.0,0.029166666666666667,-2.734853744506836,0.9559239583333382
BIPIA,0.0,0.03,-2.7278213500976562,0.9559239583333382
BIPIA,0.0,0.030833333333333334,-2.722428798675537,0.9559239583333382
BIPIA,0.0,0.03166666666666667,-2.721737861633301,0.9559239583333382
BIPIA,0.0,0.0325,-2.718031644821167,0.9559239583333382
BIPIA,0.0,0.03333333333333333,-2.708521842956543,0.9559239583333382
BIPIA,0.0,0.034166666666666665,-2.693946123123169,0.9559239583333382
BIPIA,0.0,0.035,-2.6855275630950928,0.9559239583333382
BIPIA,0.0,0.035833333333333335,-2.663027048110962,0.9559239583333382
BIPIA,0.0,0.03666666666666667,-2.6427817344665527,0.9559239583333382
BIPIA,0.0,0.0375,-2.6330149173736572,0.9559239583333382
BIPIA,0.0,0.03833333333333333,-2.6244888305664062,0.9559239583333382
BIPIA,0.0,0.03916666666666667,-2.6198530197143555,0.9559239583333382
BIPIA,0.0,0.04,-2.6100962162017822,0.9559239583333382
BIPIA,0.0,0.04083333333333333,-2.58970046043396,0.9559239583333382
BIPIA,0.0,0.041666666666666664,-2.58657169342041,0.9559239583333382
BIPIA,0.0,0.0425,-2.581711530685425,0.9559239583333382
BIPIA,0.0,0.043333333333333335,-2.577543258666992,0.9559239583333382
BIPIA,0.0,0.04416666666666667,-2.5711512565612793,0.9559239583333382
BIPIA,0.0,0.045,-2.5704078674316406,0.9559239583333382
BIPIA,0.0,0.04583333333333333,-2.5699946880340576,0.9559239583333382
BIPIA,0.0,0.04666666666666667,-2.546670436859131,0.9559239583333382
BIPIA,0.0,0.0475,-2.544374942779541,0.9559239583333382
BIPIA,0.0,0.04833333333333333,-2.5253281593322754,0.9559239583333382
BIPIA,0.0,0.049166666666666664,-2.5252811908721924,0.9559239583333382
BIPIA,0.0,0.05,-2.5250844955444336,0.9559239583333382
BIPIA,0.0,0.050833333333333335,-2.5246403217315674,0.9559239583333382
BIPIA,0.0,0.051666666666666666,-2.5188815593719482,0.9559239583333382
BIPIA,0.0,0.0525,-2.518238067626953,0.9559239583333382
BIPIA,0.0,0.05333333333333334,-2.51340389251709,0.9559239583333382
BIPIA,0.0,0.05416666666666667,-2.5102696418762207,0.9559239583333382
BIPIA,0.0,0.055,-2.501692771911621,0.9559239583333382
BIPIA,0.0,0.05583333333333333,-2.4967424869537354,0.9559239583333382
BIPIA,0.0,0.056666666666666664,-2.4816060066223145,0.9559239583333382
BIPIA,0.0,0.0575,-2.478588581085205,0.9559239583333382
BIPIA,0.0,0.058333333333333334,-2.465426445007324,0.9559239583333382
BIPIA,0.0,0.059166666666666666,-2.4542174339294434,0.9559239583333382
BIPIA,0.0,0.06,-2.4522922039031982,0.9559239583333382
BIPIA,0.0,0.060833333333333336,-2.441118001937866,0.9559239583333382
BIPIA,0.0,0.06166666666666667,-2.440048933029175,0.9559239583333382
BIPIA,0.0,0.0625,-2.437821626663208,0.9559239583333382
BIPIA,0.0,0.06333333333333334,-2.4341747760772705,0.9559239583333382
BIPIA,0.0,0.06416666666666666,-2.4251058101654053,0.9559239583333382
BIPIA,0.0,0.065,-2.4172606468200684,0.9559239583333382
BIPIA,0.0,0.06583333333333333,-2.41328501701355,0.9559239583333382
BIPIA,0.0,0.06666666666666667,-2.4119629859924316,0.9559239583333382
BIPIA,0.0,0.0675,-2.4086780548095703,0.9559239583333382
BIPIA,0.0,0.06833333333333333,-2.3842194080352783,0.9559239583333382
BIPIA,0.0,0.06916666666666667,-2.3819491863250732,0.9559239583333382
BIPIA,0.0,0.07,-2.3813652992248535,0.9559239583333382
BIPIA,0.0,0.07083333333333333,-2.3808088302612305,0.9559239583333382
BIPIA,0.0,0.07166666666666667,-2.3760762214660645,0.9559239583333382
BIPIA,0.0,0.0725,-2.374683380126953,0.9559239583333382
BIPIA,0.0,0.07333333333333333,-2.369853973388672,0.9559239583333382
BIPIA,0.0,0.07416666666666667,-2.365187644958496,0.9559239583333382
BIPIA,0.0,0.075,-2.3651561737060547,0.9559239583333382
BIPIA,0.0,0.07583333333333334,-2.359938144683838,0.9559239583333382
BIPIA,0.0,0.07666666666666666,-2.3464999198913574,0.9559239583333382
BIPIA,0.0,0.0775,-2.3435893058776855,0.9559239583333382
BIPIA,0.0,0.07833333333333334,-2.3431286811828613,0.9559239583333382
BIPIA,0.0,0.07916666666666666,-2.3402252197265625,0.9559239583333382
BIPIA,0.0,0.08,-2.337554454803467,0.9559239583333382
BIPIA,0.0,0.08083333333333333,-2.331784725189209,0.9559239583333382
BIPIA,0.0,0.08166666666666667,-2.3310766220092773,0.9559239583333382
BIPIA,0.0,0.0825,-2.3258399963378906,0.9559239583333382
BIPIA,0.0,0.08333333333333333,-2.315782070159912,0.9559239583333382
BIPIA,0.0,0.08416666666666667,-2.3040599822998047,0.9559239583333382
BIPIA,0.0,0.085,-2.303910970687866,0.9559239583333382
BIPIA,0.0,0.08583333333333333,-2.302490234375,0.9559239583333382
BIPIA,0.0,0.08666666666666667,-2.2975220680236816,0.9559239583333382
BIPIA,0.0,0.0875,-2.293301582336426,0.9559239583333382
BIPIA,0.0,0.08833333333333333,-2.2909626960754395,0.9559239583333382
BIPIA,0.0,0.08916666666666667,-2.2893378734588623,0.9559239583333382
BIPIA,0.0,0.09,-2.2869856357574463,0.9559239583333382
BIPIA,0.0,0.09083333333333334,-2.281628131866455,0.9559239583333382
BIPIA,0.0,0.09166666666666666,-2.2751176357269287,0.9559239583333382
BIPIA,0.0,0.0925,-2.2743263244628906,0.9559239583333382
BIPIA,0.0,0.09333333333333334,-2.2716455459594727,0.9559239583333382
BIPIA,0.0,0.09416666666666666,-2.2692034244537354,0.9559239583333382
BIPIA,0.0,0.095,-2.266403913497925,0.9559239583333382
BIPIA,0.0,0.09583333333333334,-2.265535593032837,0.9559239583333382
BIPIA,0.0,0.09666666666666666,-2.2644424438476562,0.9559239583333382
BIPIA,0.0,0.0975,-2.26352596282959,0.9559239583333382
BIPIA,0.0,0.09833333333333333,-2.2623069286346436,0.9559239583333382
BIPIA,0.0,0.09916666666666667,-2.2592954635620117,0.9559239583333382
BIPIA,0.0,0.1,-2.2586710453033447,0.9559239583333382
BIPIA,0.0,0.10083333333333333,-2.256141424179077,0.9559239583333382
BIPIA,0.0,0.10166666666666667,-2.250737190246582,0.9559239583333382
BIPIA,0.0,0.1025,-2.247006416320801,0.9559239583333382
BIPIA,0.0,0.10333333333333333,-2.2389230728149414,0.9559239583333382
BIPIA,0.0,0.10416666666666667,-2.2385239601135254,0.9559239583333382
BIPIA,0.0,0.105,-2.2269413471221924,0.9559239583333382
BIPIA,0.0,0.10583333333333333,-2.2265305519104004,0.9559239583333382
BIPIA,0.0,0.10666666666666667,-2.2241265773773193,0.9559239583333382
BIPIA,0.0,0.1075,-2.220221519470215,0.9559239583333382
BIPIA,0.0,0.10833333333333334,-2.210974931716919,0.9559239583333382
BIPIA,0.0,0.10916666666666666,-2.2101402282714844,0.9559239583333382
BIPIA,0.0,0.11,-2.205648183822632,0.9559239583333382
BIPIA,0.0,0.11083333333333334,-2.203441619873047,0.9559239583333382
BIPIA,0.0,0.11166666666666666,-2.201643466949463,0.9559239583333382
BIPIA,0.0,0.1125,-2.2007064819335938,0.9559239583333382
BIPIA,0.0,0.11333333333333333,-2.197512149810791,0.9559239583333382
BIPIA,0.0,0.11416666666666667,-2.1969351768493652,0.9559239583333382
BIPIA,0.0,0.115,-2.1915769577026367,0.9559239583333382
BIPIA,0.0,0.11583333333333333,-2.189552068710327,0.9559239583333382
BIPIA,0.0,0.11666666666666667,-2.1812074184417725,0.9559239583333382
BIPIA,0.0,0.1175,-2.177588939666748,0.9559239583333382
BIPIA,0.0,0.11833333333333333,-2.1755270957946777,0.9559239583333382
BIPIA,0.0,0.11916666666666667,-2.1730780601501465,0.9559239583333382
BIPIA,0.0,0.12,-2.160900831222534,0.9559239583333382
BIPIA,0.0,0.12083333333333333,-2.1607985496520996,0.9559239583333382
BIPIA,0.0,0.12166666666666667,-2.159651756286621,0.9559239583333382
BIPIA,0.0008333333333333334,0.1225,-2.156515121459961,0.9559239583333382
BIPIA,0.0008333333333333334,0.12333333333333334,-2.155895709991455,0.9559239583333382
BIPIA,0.0008333333333333334,0.12416666666666666,-2.154416799545288,0.9559239583333382
BIPIA,0.0008333333333333334,0.125,-2.1509504318237305,0.9559239583333382
BIPIA,0.0008333333333333334,0.12583333333333332,-2.15048885345459,0.9559239583333382
BIPIA,0.0008333333333333334,0.12666666666666668,-2.149060010910034,0.9559239583333382
BIPIA,0.0008333333333333334,0.1275,-2.1484270095825195,0.9559239583333382
BIPIA,0.0008333333333333334,0.12833333333333333,-2.1464791297912598,0.9559239583333382
BIPIA,0.0008333333333333334,0.12916666666666668,-2.1413583755493164,0.9559239583333382
BIPIA,0.0008333333333333334,0.13,-2.1367435455322266,0.9559239583333382
BIPIA,0.0008333333333333334,0.13083333333333333,-2.136394500732422,0.9559239583333382
BIPIA,0.0008333333333333334,0.13166666666666665,-2.132791519165039,0.9559239583333382
BIPIA,0.0008333333333333334,0.1325,-2.1284420490264893,0.9559239583333382
BIPIA,0.0008333333333333334,0.13333333333333333,-2.1258411407470703,0.9559239583333382
BIPIA,0.0008333333333333334,0.13416666666666666,-2.1199498176574707,0.9559239583333382
BIPIA,0.0008333333333333334,0.135,-2.119413137435913,0.9559239583333382
BIPIA,0.0008333333333333334,0.13583333333333333,-2.1188249588012695,0.9559239583333382
BIPIA,0.0008333333333333334,0.13666666666666666,-2.1153650283813477,0.9559239583333382
BIPIA,0.0008333333333333334,0.1375,-2.1137855052948,0.9559239583333382
BIPIA,0.0008333333333333334,0.13833333333333334,-2.1099395751953125,0.9559239583333382
BIPIA,0.0008333333333333334,0.13916666666666666,-2.105572462081909,0.9559239583333382
BIPIA,0.0008333333333333334,0.14,-2.1055476665496826,0.9559239583333382
BIPIA,0.0008333333333333334,0.14083333333333334,-2.104729175567627,0.9559239583333382
BIPIA,0.0008333333333333334,0.14166666666666666,-2.1021692752838135,0.9559239583333382
BIPIA,0.0008333333333333334,0.1425,-2.1005470752716064,0.9559239583333382
BIPIA,0.0008333333333333334,0.14333333333333334,-2.099376916885376,0.9559239583333382
BIPIA,0.0008333333333333334,0.14416666666666667,-2.0895490646362305,0.9559239583333382
BIPIA,0.0008333333333333334,0.145,-2.0889463424682617,0.9559239583333382
BIPIA,0.0008333333333333334,0.14583333333333334,-2.0877866744995117,0.9559239583333382
BIPIA,0.0008333333333333334,0.14666666666666667,-2.0843048095703125,0.9559239583333382
BIPIA,0.0008333333333333334,0.1475,-2.080792188644409,0.9559239583333382
BIPIA,0.0008333333333333334,0.14833333333333334,-2.079867124557495,0.9559239583333382
BIPIA,0.0008333333333333334,0.14916666666666667,-2.077047824859619,0.9559239583333382
BIPIA,0.0008333333333333334,0.15,-2.0739333629608154,0.9559239583333382
BIPIA,0.0008333333333333334,0.15083333333333335,-2.0723278522491455,0.9559239583333382
BIPIA,0.0008333333333333334,0.15166666666666667,-2.0672998428344727,0.9559239583333382
BIPIA,0.0008333333333333334,0.1525,-2.0633339881896973,0.9559239583333382
BIPIA,0.0008333333333333334,0.15333333333333332,-2.0623250007629395,0.9559239583333382
BIPIA,0.0008333333333333334,0.15416666666666667,-2.0605978965759277,0.9559239583333382
BIPIA,0.0008333333333333334,0.155,-2.060025691986084,0.9559239583333382
BIPIA,0.0008333333333333334,0.15583333333333332,-2.059919595718384,0.9559239583333382
BIPIA,0.0008333333333333334,0.15666666666666668,-2.0569682121276855,0.9559239583333382
BIPIA,0.0016666666666666668,0.15666666666666668,-2.0409719944000244,0.9559239583333382
BIPIA,0.0016666666666666668,0.1575,-2.039494276046753,0.9559239583333382
BIPIA,0.0016666666666666668,0.15833333333333333,-2.0387325286865234,0.9559239583333382
BIPIA,0.0016666666666666668,0.15916666666666668,-2.0385806560516357,0.9559239583333382
BIPIA,0.0016666666666666668,0.16,-2.0350706577301025,0.9559239583333382
BIPIA,0.0016666666666666668,0.16083333333333333,-2.0342538356781006,0.9559239583333382
BIPIA,0.0016666666666666668,0.16166666666666665,-2.0316379070281982,0.9559239583333382
BIPIA,0.0016666666666666668,0.1625,-2.029736042022705,0.9559239583333382
BIPIA,0.0016666666666666668,0.16333333333333333,-2.0267281532287598,0.9559239583333382
BIPIA,0.0016666666666666668,0.16416666666666666,-2.0253467559814453,0.9559239583333382
BIPIA,0.0016666666666666668,0.165,-2.021843910217285,0.9559239583333382
BIPIA,0.0016666666666666668,0.16583333333333333,-2.0206427574157715,0.9559239583333382
BIPIA,0.0016666666666666668,0.16666666666666666,-2.0176827907562256,0.9559239583333382
BIPIA,0.0016666666666666668,0.1675,-2.017642021179199,0.9559239583333382
BIPIA,0.0016666666666666668,0.16833333333333333,-2.0107693672180176,0.9559239583333382
BIPIA,0.0016666666666666668,0.16916666666666666,-2.004359483718872,0.9559239583333382
BIPIA,0.0016666666666666668,0.17,-2.0010180473327637,0.9559239583333382
BIPIA,0.0016666666666666668,0.17083333333333334,-1.9990602731704712,0.9559239583333382
BIPIA,0.0016666666666666668,0.17166666666666666,-1.9973267316818237,0.9559239583333382
BIPIA,0.0016666666666666668,0.1725,-1.99508535861969,0.9559239583333382
BIPIA,0.0016666666666666668,0.17333333333333334,-1.9943488836288452,0.9559239583333382
BIPIA,0.0025,0.17416666666666666,-1.9917722940444946,0.9559239583333382
BIPIA,0.0025,0.175,-1.9872139692306519,0.9559239583333382
BIPIA,0.0025,0.17583333333333334,-1.982897162437439,0.9559239583333382
BIPIA,0.0025,0.17666666666666667,-1.9814151525497437,0.9559239583333382
BIPIA,0.0025,0.1775,-1.9721893072128296,0.9559239583333382
BIPIA,0.0025,0.17833333333333334,-1.9721070528030396,0.9559239583333382
BIPIA,0.0025,0.17916666666666667,-1.9700006246566772,0.9559239583333382
BIPIA,0.0025,0.18,-1.9693514108657837,0.9559239583333382
BIPIA,0.0025,0.18083333333333335,-1.9688369035720825,0.9559239583333382
BIPIA,0.0025,0.18166666666666667,-1.9647196531295776,0.9559239583333382
BIPIA,0.0025,0.1825,-1.9624894857406616,0.9559239583333382
BIPIA,0.0025,0.18333333333333332,-1.9581471681594849,0.9559239583333382
BIPIA,0.0025,0.18416666666666667,-1.957736849784851,0.9559239583333382
BIPIA,0.0025,0.185,-1.9575432538986206,0.9559239583333382
BIPIA,0.0025,0.18583333333333332,-1.9555498361587524,0.9559239583333382
BIPIA,0.0025,0.18666666666666668,-1.9519039392471313,0.9559239583333382
BIPIA,0.0025,0.1875,-1.9471951723098755,0.9559239583333382
BIPIA,0.0025,0.18833333333333332,-1.942651629447937,0.9559239583333382
BIPIA,0.0025,0.18916666666666668,-1.9413849115371704,0.9559239583333382
BIPIA,0.0025,0.19,-1.9386035203933716,0.9559239583333382
BIPIA,0.0025,0.19083333333333333,-1.9319361448287964,0.9559239583333382
BIPIA,0.0025,0.19166666666666668,-1.9310928583145142,0.9559239583333382
BIPIA,0.0025,0.1925,-1.9309793710708618,0.9559239583333382
BIPIA,0.0025,0.19333333333333333,-1.9295774698257446,0.9559239583333382
BIPIA,0.0025,0.19416666666666665,-1.929519772529602,0.9559239583333382
BIPIA,0.0033333333333333335,0.19416666666666665,-1.9268466234207153,0.9559239583333382
BIPIA,0.0033333333333333335,0.195,-1.926198124885559,0.9559239583333382
BIPIA,0.0033333333333333335,0.19583333333333333,-1.9260128736495972,0.9559239583333382
BIPIA,0.0033333333333333335,0.19666666666666666,-1.9250134229660034,0.9559239583333382
BIPIA,0.0033333333333333335,0.1975,-1.9244400262832642,0.9559239583333382
BIPIA,0.0033333333333333335,0.19833333333333333,-1.923545479774475,0.9559239583333382
BIPIA,0.0033333333333333335,0.19916666666666666,-1.9227086305618286,0.9559239583333382
BIPIA,0.0033333333333333335,0.2,-1.9214736223220825,0.9559239583333382
BIPIA,0.0033333333333333335,0.20083333333333334,-1.9213711023330688,0.9559239583333382
BIPIA,0.0033333333333333335,0.20166666666666666,-1.9204145669937134,0.9559239583333382
BIPIA,0.0033333333333333335,0.2025,-1.9203990697860718,0.9559239583333382
BIPIA,0.0033333333333333335,0.20333333333333334,-1.916735291481018,0.9559239583333382
BIPIA,0.0033333333333333335,0.20416666666666666,-1.91623055934906,0.9559239583333382
BIPIA,0.0033333333333333335,0.205,-1.9149595499038696,0.9559239583333382
BIPIA,0.0033333333333333335,0.20583333333333334,-1.9144526720046997,0.9559239583333382
BIPIA,0.0033333333333333335,0.20666666666666667,-1.9143797159194946,0.9559239583333382
BIPIA,0.0033333333333333335,0.2075,-1.914054274559021,0.9559239583333382
BIPIA,0.0033333333333333335,0.20833333333333334,-1.912263035774231,0.9559239583333382
BIPIA,0.0033333333333333335,0.20916666666666667,-1.910340428352356,0.9559239583333382
BIPIA,0.0033333333333333335,0.21,-1.9102228879928589,0.9559239583333382
BIPIA,0.0033333333333333335,0.21083333333333334,-1.9081052541732788,0.9559239583333382
BIPIA,0.0033333333333333335,0.21166666666666667,-1.9065204858779907,0.9559239583333382
BIPIA,0.0033333333333333335,0.2125,-1.9011603593826294,0.9559239583333382
BIPIA,0.0033333333333333335,0.21333333333333335,-1.8998700380325317,0.9559239583333382
BIPIA,0.0033333333333333335,0.21416666666666667,-1.898857593536377,0.9559239583333382
BIPIA,0.0033333333333333335,0.215,-1.8986786603927612,0.9559239583333382
BIPIA,0.0033333333333333335,0.21583333333333332,-1.8970881700515747,0.9559239583333382
BIPIA,0.0033333333333333335,0.21666666666666667,-1.8958935737609863,0.9559239583333382
BIPIA,0.0033333333333333335,0.2175,-1.8956116437911987,0.9559239583333382
BIPIA,0.0033333333333333335,0.21833333333333332,-1.8924683332443237,0.9559239583333382
BIPIA,0.0033333333333333335,0.21916666666666668,-1.8864476680755615,0.9559239583333382
BIPIA,0.0033333333333333335,0.22,-1.8863863945007324,0.9559239583333382
BIPIA,0.0033333333333333335,0.22083333333333333,-1.8849188089370728,0.9559239583333382
BIPIA,0.0033333333333333335,0.22166666666666668,-1.883129596710205,0.9559239583333382
BIPIA,0.0033333333333333335,0.2225,-1.882156252861023,0.9559239583333382
BIPIA,0.0033333333333333335,0.22333333333333333,-1.8799371719360352,0.9559239583333382
BIPIA,0.0033333333333333335,0.22416666666666665,-1.878310203552246,0.9559239583333382
BIPIA,0.0033333333333333335,0.225,-1.873151183128357,0.9559239583333382
BIPIA,0.0033333333333333335,0.22583333333333333,-1.872871994972229,0.9559239583333382
BIPIA,0.0033333333333333335,0.22666666666666666,-1.8725616931915283,0.9559239583333382
BIPIA,0.0033333333333333335,0.2275,-1.8724688291549683,0.9559239583333382
BIPIA,0.0033333333333333335,0.22833333333333333,-1.8722707033157349,0.9559239583333382
BIPIA,0.0033333333333333335,0.22916666666666666,-1.8693245649337769,0.9559239583333382
BIPIA,0.0033333333333333335,0.23,-1.8691290616989136,0.9559239583333382
BIPIA,0.0033333333333333335,0.23083333333333333,-1.8676536083221436,0.9559239583333382
BIPIA,0.0033333333333333335,0.23166666666666666,-1.866080641746521,0.9559239583333382
BIPIA,0.0033333333333333335,0.2325,-1.8628485202789307,0.9559239583333382
BIPIA,0.0033333333333333335,0.23333333333333334,-1.8603191375732422,0.9559239583333382
BIPIA,0.0033333333333333335,0.23416666666666666,-1.860050916671753,0.9559239583333382
BIPIA,0.0033333333333333335,0.235,-1.8599883317947388,0.9559239583333382
BIPIA,0.0033333333333333335,0.23583333333333334,-1.8585132360458374,0.9559239583333382
BIPIA,0.0033333333333333335,0.23666666666666666,-1.854644775390625,0.9559239583333382
BIPIA,0.0033333333333333335,0.2375,-1.8526192903518677,0.9559239583333382
BIPIA,0.0033333333333333335,0.23833333333333334,-1.8455842733383179,0.9559239583333382
BIPIA,0.0033333333333333335,0.23916666666666667,-1.8421381711959839,0.9559239583333382
BIPIA,0.0033333333333333335,0.24,-1.8409316539764404,0.9559239583333382
BIPIA,0.0033333333333333335,0.24083333333333334,-1.8367588520050049,0.9559239583333382
BIPIA,0.0033333333333333335,0.24166666666666667,-1.8366659879684448,0.9559239583333382
BIPIA,0.0033333333333333335,0.2425,-1.8345950841903687,0.9559239583333382
BIPIA,0.0033333333333333335,0.24333333333333335,-1.8312698602676392,0.9559239583333382
BIPIA,0.0033333333333333335,0.24416666666666667,-1.8308085203170776,0.9559239583333382
BIPIA,0.0033333333333333335,0.245,-1.8286783695220947,0.9559239583333382
BIPIA,0.0033333333333333335,0.24583333333333332,-1.828107237815857,0.9559239583333382
BIPIA,0.0033333333333333335,0.24666666666666667,-1.8242286443710327,0.9559239583333382
BIPIA,0.0033333333333333335,0.2475,-1.8210805654525757,0.9559239583333382
BIPIA,0.0033333333333333335,0.24833333333333332,-1.8201876878738403,0.9559239583333382
BIPIA,0.0033333333333333335,0.24916666666666668,-1.8156625032424927,0.9559239583333382
BIPIA,0.0033333333333333335,0.25,-1.8146811723709106,0.9559239583333382
BIPIA,0.0033333333333333335,0.25083333333333335,-1.812688946723938,0.9559239583333382
BIPIA,0.0033333333333333335,0.25166666666666665,-1.8114194869995117,0.9559239583333382
BIPIA,0.0033333333333333335,0.2525,-1.8106515407562256,0.9559239583333382
BIPIA,0.0033333333333333335,0.25333333333333335,-1.8092740774154663,0.9559239583333382
BIPIA,0.0033333333333333335,0.25416666666666665,-1.8086239099502563,0.9559239583333382
BIPIA,0.0033333333333333335,0.255,-1.804205298423767,0.9559239583333382
BIPIA,0.0033333333333333335,0.25583333333333336,-1.8034003973007202,0.9559239583333382
BIPIA,0.0033333333333333335,0.25666666666666665,-1.801116943359375,0.9559239583333382
BIPIA,0.0033333333333333335,0.2575,-1.8009603023529053,0.9559239583333382
BIPIA,0.0033333333333333335,0.25833333333333336,-1.7953325510025024,0.9559239583333382
BIPIA,0.0033333333333333335,0.25916666666666666,-1.7952260971069336,0.9559239583333382
BIPIA,0.0033333333333333335,0.26,-1.79385507106781,0.9559239583333382
BIPIA,0.0033333333333333335,0.2608333333333333,-1.792450189590454,0.9559239583333382
BIPIA,0.0033333333333333335,0.26166666666666666,-1.789062738418579,0.9559239583333382
BIPIA,0.004166666666666667,0.2625,-1.7874418497085571,0.9559239583333382
BIPIA,0.004166666666666667,0.2633333333333333,-1.7798317670822144,0.9559239583333382
BIPIA,0.004166666666666667,0.26416666666666666,-1.7775800228118896,0.9559239583333382
BIPIA,0.004166666666666667,0.265,-1.7763272523880005,0.9559239583333382
BIPIA,0.004166666666666667,0.2658333333333333,-1.7757859230041504,0.9559239583333382
BIPIA,0.004166666666666667,0.26666666666666666,-1.773283839225769,0.9559239583333382
BIPIA,0.004166666666666667,0.2675,-1.768924355506897,0.9559239583333382
BIPIA,0.004166666666666667,0.2683333333333333,-1.7681738138198853,0.9559239583333382
BIPIA,0.004166666666666667,0.26916666666666667,-1.767422080039978,0.9559239583333382
BIPIA,0.004166666666666667,0.27,-1.7651822566986084,0.9559239583333382
BIPIA,0.004166666666666667,0.2708333333333333,-1.764685034751892,0.9559239583333382
BIPIA,0.004166666666666667,0.27166666666666667,-1.7641701698303223,0.9559239583333382
BIPIA,0.004166666666666667,0.2725,-1.7621029615402222,0.9559239583333382
BIPIA,0.004166666666666667,0.2733333333333333,-1.761165738105774,0.9559239583333382
BIPIA,0.004166666666666667,0.27416666666666667,-1.7604881525039673,0.9559239583333382
BIPIA,0.004166666666666667,0.275,-1.7598906755447388,0.9559239583333382
BIPIA,0.004166666666666667,0.2758333333333333,-1.7552798986434937,0.9559239583333382
BIPIA,0.004166666666666667,0.27666666666666667,-1.7529820203781128,0.9559239583333382
BIPIA,0.004166666666666667,0.2775,-1.7525252103805542,0.9559239583333382
BIPIA,0.004166666666666667,0.2783333333333333,-1.7522505521774292,0.9559239583333382
BIPIA,0.004166666666666667,0.2791666666666667,-1.750959038734436,0.9559239583333382
BIPIA,0.004166666666666667,0.28,-1.7502152919769287,0.9559239583333382
BIPIA,0.004166666666666667,0.2808333333333333,-1.7498112916946411,0.9559239583333382
BIPIA,0.004166666666666667,0.2816666666666667,-1.747991681098938,0.9559239583333382
BIPIA,0.004166666666666667,0.2825,-1.7477238178253174,0.9559239583333382
BIPIA,0.004166666666666667,0.2833333333333333,-1.7467873096466064,0.9559239583333382
BIPIA,0.004166666666666667,0.2841666666666667,-1.7461258172988892,0.9559239583333382
BIPIA,0.004166666666666667,0.285,-1.7426964044570923,0.9559239583333382
BIPIA,0.004166666666666667,0.28583333333333333,-1.7423080205917358,0.9559239583333382
BIPIA,0.004166666666666667,0.2866666666666667,-1.7423030138015747,0.9559239583333382
BIPIA,0.004166666666666667,0.2875,-1.7398401498794556,0.9559239583333382
BIPIA,0.004166666666666667,0.28833333333333333,-1.7361366748809814,0.9559239583333382
BIPIA,0.004166666666666667,0.2891666666666667,-1.7357815504074097,0.9559239583333382
BIPIA,0.004166666666666667,0.29,-1.7345036268234253,0.9559239583333382
BIPIA,0.004166666666666667,0.29083333333333333,-1.7338147163391113,0.9559239583333382
BIPIA,0.004166666666666667,0.2916666666666667,-1.7312341928482056,0.9559239583333382
BIPIA,0.004166666666666667,0.2925,-1.7309335470199585,0.9559239583333382
BIPIA,0.004166666666666667,0.29333333333333333,-1.7291978597640991,0.9559239583333382
BIPIA,0.004166666666666667,0.2941666666666667,-1.726861834526062,0.9559239583333382
BIPIA,0.004166666666666667,0.295,-1.7258166074752808,0.9559239583333382
BIPIA,0.004166666666666667,0.29583333333333334,-1.7255479097366333,0.9559239583333382
BIPIA,0.004166666666666667,0.2966666666666667,-1.7242929935455322,0.9559239583333382
BIPIA,0.004166666666666667,0.2975,-1.7231330871582031,0.9559239583333382
BIPIA,0.004166666666666667,0.29833333333333334,-1.7226227521896362,0.9559239583333382
BIPIA,0.005,0.2991666666666667,-1.722235083580017,0.9559239583333382
BIPIA,0.005,0.3,-1.7212647199630737,0.9559239583333382
BIPIA,0.005,0.30083333333333334,-1.7208575010299683,0.9559239583333382
BIPIA,0.005,0.3016666666666667,-1.7203067541122437,0.9559239583333382
BIPIA,0.005,0.3025,-1.7178782224655151,0.9559239583333382
BIPIA,0.005,0.30333333333333334,-1.7177445888519287,0.9559239583333382
BIPIA,0.005,0.30416666666666664,-1.7156546115875244,0.9559239583333382
BIPIA,0.005,0.305,-1.7139155864715576,0.9559239583333382
BIPIA,0.005,0.30583333333333335,-1.712151288986206,0.9559239583333382
BIPIA,0.005,0.30666666666666664,-1.7121363878250122,0.9559239583333382
BIPIA,0.005,0.3075,-1.7120171785354614,0.9559239583333382
BIPIA,0.005,0.30833333333333335,-1.7108659744262695,0.9559239583333382
BIPIA,0.005,0.30916666666666665,-1.709478735923767,0.9559239583333382
BIPIA,0.005,0.31,-1.7094613313674927,0.9559239583333382
BIPIA,0.005,0.31083333333333335,-1.7077680826187134,0.9559239583333382
BIPIA,0.005,0.31166666666666665,-1.7067105770111084,0.9559239583333382
BIPIA,0.005,0.3125,-1.703673243522644,0.9559239583333382
BIPIA,0.005,0.31333333333333335,-1.7035423517227173,0.9559239583333382
BIPIA,0.005,0.31416666666666665,-1.7012048959732056,0.9559239583333382
BIPIA,0.005,0.315,-1.7011348009109497,0.9559239583333382
BIPIA,0.005,0.31583333333333335,-1.6988989114761353,0.9559239583333382
BIPIA,0.005,0.31666666666666665,-1.696651577949524,0.9559239583333382
BIPIA,0.005,0.3175,-1.6959924697875977,0.9559239583333382
BIPIA,0.005,0.31833333333333336,-1.6945452690124512,0.9559239583333382
BIPIA,0.005,0.31916666666666665,-1.6927794218063354,0.9559239583333382
BIPIA,0.005,0.32,-1.692482590675354,0.9559239583333382
BIPIA,0.005,0.32083333333333336,-1.6907801628112793,0.9559239583333382
BIPIA,0.005,0.32166666666666666,-1.6895307302474976,0.9559239583333382
BIPIA,0.005,0.3225,-1.6895183324813843,0.9559239583333382
BIPIA,0.005,0.3233333333333333,-1.6870183944702148,0.9559239583333382
BIPIA,0.005,0.32416666666666666,-1.6867246627807617,0.9559239583333382
BIPIA,0.005,0.325,-1.6866832971572876,0.9559239583333382
BIPIA,0.005,0.3258333333333333,-1.6857802867889404,0.9559239583333382
BIPIA,0.005,0.32666666666666666,-1.685562014579773,0.9559239583333382
BIPIA,0.005,0.3275,-1.6840273141860962,0.9559239583333382
BIPIA,0.005,0.3283333333333333,-1.6835986375808716,0.9559239583333382
BIPIA,0.005,0.32916666666666666,-1.6798630952835083,0.9559239583333382
BIPIA,0.005,0.33,-1.678857445716858,0.9559239583333382
BIPIA,0.005,0.3308333333333333,-1.6783994436264038,0.9559239583333382
BIPIA,0.005,0.33166666666666667,-1.677397608757019,0.9559239583333382
BIPIA,0.005,0.3325,-1.6760104894638062,0.9559239583333382
BIPIA,0.005,0.3333333333333333,-1.6753164529800415,0.9559239583333382
BIPIA,0.005,0.33416666666666667,-1.674814224243164,0.9559239583333382
BIPIA,0.005,0.335,-1.674647569656372,0.9559239583333382
BIPIA,0.005,0.3358333333333333,-1.674481749534607,0.9559239583333382
BIPIA,0.005,0.33666666666666667,-1.6730022430419922,0.9559239583333382
BIPIA,0.005,0.3375,-1.6726183891296387,0.9559239583333382
BIPIA,0.005,0.3383333333333333,-1.6687437295913696,0.9559239583333382
BIPIA,0.005,0.33916666666666667,-1.6686265468597412,0.9559239583333382
BIPIA,0.005,0.34,-1.6681876182556152,0.9559239583333382
BIPIA,0.005,0.3408333333333333,-1.668168306350708,0.9559239583333382
BIPIA,0.005,0.3416666666666667,-1.6681541204452515,0.9559239583333382
BIPIA,0.005,0.3425,-1.6681331396102905,0.9559239583333382
BIPIA,0.005,0.3433333333333333,-1.6644166707992554,0.9559239583333382
BIPIA,0.005,0.3441666666666667,-1.659682273864746,0.9559239583333382
BIPIA,0.005,0.345,-1.6554148197174072,0.9559239583333382
BIPIA,0.005,0.3458333333333333,-1.6544235944747925,0.9559239583333382
BIPIA,0.005,0.3466666666666667,-1.6533085107803345,0.9559239583333382
BIPIA,0.005,0.3475,-1.6519500017166138,0.9559239583333382
BIPIA,0.005,0.34833333333333333,-1.6474695205688477,0.9559239583333382
BIPIA,0.005,0.3491666666666667,-1.6471140384674072,0.9559239583333382
BIPIA,0.005,0.35,-1.646934151649475,0.9559239583333382
BIPIA,0.005,0.35083333333333333,-1.6457902193069458,0.9559239583333382
BIPIA,0.005,0.3516666666666667,-1.641332745552063,0.9559239583333382
BIPIA,0.005,0.3525,-1.640271544456482,0.9559239583333382
BIPIA,0.005,0.35333333333333333,-1.6397141218185425,0.9559239583333382
BIPIA,0.005,0.3541666666666667,-1.6396392583847046,0.9559239583333382
BIPIA,0.005,0.355,-1.6392489671707153,0.9559239583333382
BIPIA,0.005833333333333334,0.35583333333333333,-1.63629949092865,0.9559239583333382
BIPIA,0.005833333333333334,0.3566666666666667,-1.6360992193222046,0.9559239583333382
BIPIA,0.005833333333333334,0.3575,-1.626886010169983,0.9559239583333382
BIPIA,0.005833333333333334,0.35833333333333334,-1.626175880432129,0.9559239583333382
BIPIA,0.005833333333333334,0.3591666666666667,-1.6259428262710571,0.9559239583333382
BIPIA,0.005833333333333334,0.36,-1.6254339218139648,0.9559239583333382
BIPIA,0.005833333333333334,0.36083333333333334,-1.6188268661499023,0.9559239583333382
BIPIA,0.005833333333333334,0.3616666666666667,-1.6166292428970337,0.9559239583333382
BIPIA,0.005833333333333334,0.3625,-1.6139904260635376,0.9559239583333382
BIPIA,0.005833333333333334,0.36333333333333334,-1.6137655973434448,0.9559239583333382
BIPIA,0.005833333333333334,0.3641666666666667,-1.6117784976959229,0.9559239583333382
BIPIA,0.005833333333333334,0.365,-1.6107501983642578,0.9559239583333382
BIPIA,0.005833333333333334,0.36583333333333334,-1.6098769903182983,0.9559239583333382
BIPIA,0.005833333333333334,0.36666666666666664,-1.609299659729004,0.9559239583333382
BIPIA,0.005833333333333334,0.3675,-1.6065874099731445,0.9559239583333382
BIPIA,0.005833333333333334,0.36833333333333335,-1.606444239616394,0.9559239583333382
BIPIA,0.005833333333333334,0.36916666666666664,-1.6064140796661377,0.9559239583333382
BIPIA,0.005833333333333334,0.37,-1.604152798652649,0.9559239583333382
BIPIA,0.005833333333333334,0.37083333333333335,-1.6040042638778687,0.9559239583333382
BIPIA,0.005833333333333334,0.37166666666666665,-1.6009758710861206,0.9559239583333382
BIPIA,0.005833333333333334,0.3725,-1.599170446395874,0.9559239583333382
BIPIA,0.005833333333333334,0.37333333333333335,-1.5986193418502808,0.9559239583333382
BIPIA,0.005833333333333334,0.37416666666666665,-1.5969007015228271,0.9559239583333382
BIPIA,0.005833333333333334,0.375,-1.5966311693191528,0.9559239583333382
BIPIA,0.005833333333333334,0.37583333333333335,-1.5944744348526,0.9559239583333382
BIPIA,0.005833333333333334,0.37666666666666665,-1.593868613243103,0.9559239583333382
BIPIA,0.005833333333333334,0.3775,-1.5934582948684692,0.9559239583333382
BIPIA,0.005833333333333334,0.37833333333333335,-1.5901496410369873,0.9559239583333382
BIPIA,0.005833333333333334,0.37916666666666665,-1.5876469612121582,0.9559239583333382
BIPIA,0.005833333333333334,0.38,-1.5876399278640747,0.9559239583333382
BIPIA,0.005833333333333334,0.38083333333333336,-1.5851545333862305,0.9559239583333382
BIPIA,0.005833333333333334,0.38166666666666665,-1.5817179679870605,0.9559239583333382
BIPIA,0.005833333333333334,0.3825,-1.581432819366455,0.9559239583333382
BIPIA,0.005833333333333334,0.38333333333333336,-1.5812392234802246,0.9559239583333382
BIPIA,0.005833333333333334,0.38416666666666666,-1.5804208517074585,0.9559239583333382
BIPIA,0.005833333333333334,0.385,-1.5803861618041992,0.9559239583333382
BIPIA,0.005833333333333334,0.3858333333333333,-1.576501488685608,0.9559239583333382
BIPIA,0.006666666666666667,0.38666666666666666,-1.5750380754470825,0.9559239583333382
BIPIA,0.006666666666666667,0.3875,-1.574980616569519,0.9559239583333382
BIPIA,0.006666666666666667,0.3883333333333333,-1.5749127864837646,0.9559239583333382
BIPIA,0.006666666666666667,0.38916666666666666,-1.5748521089553833,0.9559239583333382
BIPIA,0.006666666666666667,0.39,-1.5745443105697632,0.9559239583333382
BIPIA,0.006666666666666667,0.3908333333333333,-1.572827935218811,0.9559239583333382
BIPIA,0.006666666666666667,0.39166666666666666,-1.5717530250549316,0.9559239583333382
BIPIA,0.006666666666666667,0.3925,-1.5717374086380005,0.9559239583333382
BIPIA,0.006666666666666667,0.3933333333333333,-1.5716670751571655,0.9559239583333382
BIPIA,0.006666666666666667,0.39416666666666667,-1.5713979005813599,0.9559239583333382
BIPIA,0.006666666666666667,0.395,-1.5709713697433472,0.9559239583333382
BIPIA,0.006666666666666667,0.3958333333333333,-1.5705585479736328,0.9559239583333382
BIPIA,0.006666666666666667,0.39666666666666667,-1.5695773363113403,0.9559239583333382
BIPIA,0.006666666666666667,0.3975,-1.5683809518814087,0.9559239583333382
BIPIA,0.006666666666666667,0.3983333333333333,-1.5673364400863647,0.9559239583333382
BIPIA,0.006666666666666667,0.39916666666666667,-1.5668596029281616,0.9559239583333382
BIPIA,0.006666666666666667,0.4,-1.5661755800247192,0.9559239583333382
BIPIA,0.006666666666666667,0.4008333333333333,-1.5661524534225464,0.9559239583333382
BIPIA,0.006666666666666667,0.40166666666666667,-1.5618616342544556,0.9559239583333382
BIPIA,0.006666666666666667,0.4025,-1.560580849647522,0.9559239583333382
BIPIA,0.006666666666666667,0.4033333333333333,-1.559598445892334,0.9559239583333382
BIPIA,0.006666666666666667,0.4041666666666667,-1.5594900846481323,0.9559239583333382
BIPIA,0.006666666666666667,0.405,-1.5585426092147827,0.9559239583333382
BIPIA,0.006666666666666667,0.4058333333333333,-1.558520793914795,0.9559239583333382
BIPIA,0.006666666666666667,0.4066666666666667,-1.5569840669631958,0.9559239583333382
BIPIA,0.006666666666666667,0.4075,-1.5562535524368286,0.9559239583333382
BIPIA,0.006666666666666667,0.4083333333333333,-1.5559324026107788,0.9559239583333382
BIPIA,0.006666666666666667,0.4091666666666667,-1.555755376815796,0.9559239583333382
BIPIA,0.0075,0.4091666666666667,-1.55435049533844,0.9559239583333382
BIPIA,0.0075,0.41,-1.5497616529464722,0.9559239583333382
BIPIA,0.0075,0.41083333333333333,-1.5492143630981445,0.9559239583333382
BIPIA,0.0075,0.4116666666666667,-1.5486011505126953,0.9559239583333382
BIPIA,0.0075,0.4125,-1.5483076572418213,0.9559239583333382
BIPIA,0.0075,0.41333333333333333,-1.5474826097488403,0.9559239583333382
BIPIA,0.0075,0.4141666666666667,-1.546926498413086,0.9559239583333382
BIPIA,0.0075,0.415,-1.5454150438308716,0.9559239583333382
BIPIA,0.0075,0.41583333333333333,-1.5451693534851074,0.9559239583333382
BIPIA,0.0075,0.4166666666666667,-1.5447036027908325,0.9559239583333382
BIPIA,0.0075,0.4175,-1.5438469648361206,0.9559239583333382
BIPIA,0.0075,0.41833333333333333,-1.5430089235305786,0.9559239583333382
BIPIA,0.0075,0.4191666666666667,-1.5429316759109497,0.9559239583333382
BIPIA,0.0075,0.42,-1.5427662134170532,0.9559239583333382
BIPIA,0.0075,0.42083333333333334,-1.5410152673721313,0.9559239583333382
BIPIA,0.0075,0.4216666666666667,-1.5378769636154175,0.9559239583333382
BIPIA,0.0075,0.4225,-1.5374937057495117,0.9559239583333382
BIPIA,0.0075,0.42333333333333334,-1.5370875597000122,0.9559239583333382
BIPIA,0.0075,0.4241666666666667,-1.5361591577529907,0.9559239583333382
BIPIA,0.0075,0.425,-1.5349091291427612,0.9559239583333382
BIPIA,0.0075,0.42583333333333334,-1.534897804260254,0.9559239583333382
BIPIA,0.0075,0.4266666666666667,-1.5338022708892822,0.9559239583333382
BIPIA,0.0075,0.4275,-1.5327144861221313,0.9559239583333382
BIPIA,0.0075,0.42833333333333334,-1.5312758684158325,0.9559239583333382
BIPIA,0.0075,0.42916666666666664,-1.5310853719711304,0.9559239583333382
BIPIA,0.0075,0.43,-1.52921462059021,0.9559239583333382
BIPIA,0.0075,0.43083333333333335,-1.527583360671997,0.9559239583333382
BIPIA,0.0075,0.43166666666666664,-1.5252572298049927,0.9559239583333382
BIPIA,0.0075,0.4325,-1.5215939283370972,0.9559239583333382
BIPIA,0.008333333333333333,0.43333333333333335,-1.5201722383499146,0.9559239583333382
BIPIA,0.008333333333333333,0.43416666666666665,-1.5178719758987427,0.9559239583333382
BIPIA,0.008333333333333333,0.435,-1.5156735181808472,0.9559239583333382
BIPIA,0.008333333333333333,0.43583333333333335,-1.5127999782562256,0.9559239583333382
BIPIA,0.008333333333333333,0.43666666666666665,-1.5113177299499512,0.9559239583333382
BIPIA,0.008333333333333333,0.4375,-1.5101035833358765,0.9559239583333382
BIPIA,0.008333333333333333,0.43833333333333335,-1.5071533918380737,0.9559239583333382
BIPIA,0.008333333333333333,0.43916666666666665,-1.5056147575378418,0.9559239583333382
BIPIA,0.008333333333333333,0.44,-1.5055285692214966,0.9559239583333382
BIPIA,0.008333333333333333,0.44083333333333335,-1.5043925046920776,0.9559239583333382
BIPIA,0.008333333333333333,0.44166666666666665,-1.5034362077713013,0.9559239583333382
BIPIA,0.008333333333333333,0.4425,-1.5032062530517578,0.9559239583333382
BIPIA,0.008333333333333333,0.44333333333333336,-1.5012387037277222,0.9559239583333382
BIPIA,0.008333333333333333,0.44416666666666665,-1.4999066591262817,0.9559239583333382
BIPIA,0.008333333333333333,0.445,-1.4979602098464966,0.9559239583333382
BIPIA,0.009166666666666667,0.445,-1.497383713722229,0.9559239583333382
BIPIA,0.009166666666666667,0.44583333333333336,-1.4972622394561768,0.9559239583333382
BIPIA,0.009166666666666667,0.44666666666666666,-1.4961819648742676,0.9559239583333382
BIPIA,0.009166666666666667,0.4475,-1.4959352016448975,0.9559239583333382
BIPIA,0.009166666666666667,0.4483333333333333,-1.4931612014770508,0.9559239583333382
BIPIA,0.009166666666666667,0.44916666666666666,-1.4924670457839966,0.9559239583333382
BIPIA,0.009166666666666667,0.45,-1.492388367652893,0.9559239583333382
BIPIA,0.009166666666666667,0.4508333333333333,-1.4900151491165161,0.9559239583333382
BIPIA,0.009166666666666667,0.45166666666666666,-1.4890663623809814,0.9559239583333382
BIPIA,0.009166666666666667,0.4525,-1.4844601154327393,0.9559239583333382
BIPIA,0.009166666666666667,0.4533333333333333,-1.4797476530075073,0.9559239583333382
BIPIA,0.009166666666666667,0.45416666666666666,-1.4785345792770386,0.9559239583333382
BIPIA,0.009166666666666667,0.455,-1.477455973625183,0.9559239583333382
BIPIA,0.009166666666666667,0.4558333333333333,-1.4732763767242432,0.9559239583333382
BIPIA,0.009166666666666667,0.45666666666666667,-1.4723843336105347,0.9559239583333382
BIPIA,0.009166666666666667,0.4575,-1.472271203994751,0.9559239583333382
BIPIA,0.009166666666666667,0.4583333333333333,-1.4698835611343384,0.9559239583333382
BIPIA,0.009166666666666667,0.45916666666666667,-1.4669939279556274,0.9559239583333382
BIPIA,0.009166666666666667,0.46,-1.4661873579025269,0.9559239583333382
BIPIA,0.009166666666666667,0.4608333333333333,-1.4655524492263794,0.9559239583333382
BIPIA,0.009166666666666667,0.46166666666666667,-1.4650334119796753,0.9559239583333382
BIPIA,0.01,0.4625,-1.4648802280426025,0.9559239583333382
BIPIA,0.01,0.4633333333333333,-1.4645789861679077,0.9559239583333382
BIPIA,0.01,0.46416666666666667,-1.4641109704971313,0.9559239583333382
BIPIA,0.01,0.465,-1.4635698795318604,0.9559239583333382
BIPIA,0.01,0.4658333333333333,-1.4633058309555054,0.9559239583333382
BIPIA,0.010833333333333334,0.4658333333333333,-1.4629520177841187,0.9559239583333382
BIPIA,0.010833333333333334,0.4666666666666667,-1.4628947973251343,0.9559239583333382
BIPIA,0.010833333333333334,0.4675,-1.4598026275634766,0.9559239583333382
BIPIA,0.010833333333333334,0.4683333333333333,-1.4594409465789795,0.9559239583333382
BIPIA,0.011666666666666667,0.4683333333333333,-1.4589312076568604,0.9559239583333382
BIPIA,0.011666666666666667,0.4691666666666667,-1.4581252336502075,0.9559239583333382
BIPIA,0.011666666666666667,0.47,-1.455597162246704,0.9559239583333382
BIPIA,0.011666666666666667,0.4708333333333333,-1.4554911851882935,0.9559239583333382
BIPIA,0.011666666666666667,0.4716666666666667,-1.4549113512039185,0.9559239583333382
BIPIA,0.011666666666666667,0.4725,-1.4535855054855347,0.9559239583333382
BIPIA,0.011666666666666667,0.47333333333333333,-1.4530619382858276,0.9559239583333382
BIPIA,0.011666666666666667,0.4741666666666667,-1.4515708684921265,0.9559239583333382
BIPIA,0.011666666666666667,0.475,-1.4498412609100342,0.9559239583333382
BIPIA,0.011666666666666667,0.47583333333333333,-1.4488611221313477,0.9559239583333382
BIPIA,0.011666666666666667,0.4766666666666667,-1.448797583580017,0.9559239583333382
BIPIA,0.011666666666666667,0.4775,-1.4472805261611938,0.9559239583333382
BIPIA,0.011666666666666667,0.47833333333333333,-1.447047233581543,0.9559239583333382
BIPIA,0.011666666666666667,0.4791666666666667,-1.445567011833191,0.9559239583333382
BIPIA,0.011666666666666667,0.48,-1.4433884620666504,0.9559239583333382
BIPIA,0.011666666666666667,0.48083333333333333,-1.442969560623169,0.9559239583333382
BIPIA,0.011666666666666667,0.4816666666666667,-1.4419175386428833,0.9559239583333382
BIPIA,0.011666666666666667,0.4825,-1.4398283958435059,0.9559239583333382
BIPIA,0.011666666666666667,0.48333333333333334,-1.4392921924591064,0.9559239583333382
BIPIA,0.011666666666666667,0.4841666666666667,-1.4389415979385376,0.9559239583333382
BIPIA,0.011666666666666667,0.485,-1.4367624521255493,0.9559239583333382
BIPIA,0.011666666666666667,0.48583333333333334,-1.4329413175582886,0.9559239583333382
BIPIA,0.011666666666666667,0.4866666666666667,-1.4311240911483765,0.9559239583333382
BIPIA,0.011666666666666667,0.4875,-1.4308803081512451,0.9559239583333382
BIPIA,0.011666666666666667,0.48833333333333334,-1.4306268692016602,0.9559239583333382
BIPIA,0.011666666666666667,0.4891666666666667,-1.430198073387146,0.9559239583333382
BIPIA,0.011666666666666667,0.49,-1.4299265146255493,0.9559239583333382
BIPIA,0.011666666666666667,0.49083333333333334,-1.429457426071167,0.9559239583333382
BIPIA,0.011666666666666667,0.49166666666666664,-1.4275314807891846,0.9559239583333382
BIPIA,0.011666666666666667,0.4925,-1.4268617630004883,0.9559239583333382
BIPIA,0.011666666666666667,0.49333333333333335,-1.4248920679092407,0.9559239583333382
BIPIA,0.011666666666666667,0.49416666666666664,-1.4229196310043335,0.9559239583333382
BIPIA,0.011666666666666667,0.495,-1.4228571653366089,0.9559239583333382
BIPIA,0.011666666666666667,0.49583333333333335,-1.4180349111557007,0.9559239583333382
BIPIA,0.011666666666666667,0.49666666666666665,-1.415002465248108,0.9559239583333382
BIPIA,0.011666666666666667,0.4975,-1.4144951105117798,0.9559239583333382
BIPIA,0.011666666666666667,0.49833333333333335,-1.414422869682312,0.9559239583333382
BIPIA,0.011666666666666667,0.49916666666666665,-1.4113402366638184,0.9559239583333382
BIPIA,0.011666666666666667,0.5,-1.411068081855774,0.9559239583333382
BIPIA,0.011666666666666667,0.5008333333333334,-1.4097020626068115,0.9559239583333382
BIPIA,0.011666666666666667,0.5016666666666667,-1.40938401222229,0.9559239583333382
BIPIA,0.011666666666666667,0.5025,-1.4063427448272705,0.9559239583333382
BIPIA,0.011666666666666667,0.5033333333333333,-1.4060660600662231,0.9559239583333382
BIPIA,0.011666666666666667,0.5041666666666667,-1.403774619102478,0.9559239583333382
BIPIA,0.0125,0.505,-1.4036154747009277,0.9559239583333382
BIPIA,0.0125,0.5058333333333334,-1.4035519361495972,0.9559239583333382
BIPIA,0.0125,0.5066666666666667,-1.4028669595718384,0.9559239583333382
BIPIA,0.0125,0.5075,-1.3993093967437744,0.9559239583333382
BIPIA,0.0125,0.5083333333333333,-1.398785948753357,0.9559239583333382
BIPIA,0.0125,0.5091666666666667,-1.3964611291885376,0.9559239583333382
BIPIA,0.0125,0.51,-1.396409511566162,0.9559239583333382
BIPIA,0.0125,0.5108333333333334,-1.3954976797103882,0.9559239583333382
BIPIA,0.0125,0.5116666666666667,-1.3950291872024536,0.9559239583333382
BIPIA,0.0125,0.5125,-1.3932043313980103,0.9559239583333382
BIPIA,0.0125,0.5133333333333333,-1.3928724527359009,0.9559239583333382
BIPIA,0.0125,0.5141666666666667,-1.3916674852371216,0.9559239583333382
BIPIA,0.0125,0.515,-1.3870234489440918,0.9559239583333382
BIPIA,0.0125,0.5158333333333334,-1.3844505548477173,0.9559239583333382
BIPIA,0.0125,0.5166666666666667,-1.3842390775680542,0.9559239583333382
BIPIA,0.0125,0.5175,-1.3842295408248901,0.9559239583333382
BIPIA,0.013333333333333334,0.5175,-1.3842206001281738,0.9559239583333382
BIPIA,0.013333333333333334,0.5183333333333333,-1.38200843334198,0.9559239583333382
BIPIA,0.013333333333333334,0.5191666666666667,-1.381751537322998,0.9559239583333382
BIPIA,0.013333333333333334,0.52,-1.3803361654281616,0.9559239583333382
BIPIA,0.013333333333333334,0.5208333333333334,-1.3794834613800049,0.9559239583333382
BIPIA,0.013333333333333334,0.5216666666666666,-1.3758076429367065,0.9559239583333382
BIPIA,0.013333333333333334,0.5225,-1.374200701713562,0.9559239583333382
BIPIA,0.013333333333333334,0.5233333333333333,-1.3715846538543701,0.9559239583333382
BIPIA,0.013333333333333334,0.5241666666666667,-1.3700367212295532,0.9559239583333382
BIPIA,0.013333333333333334,0.525,-1.3679330348968506,0.9559239583333382
BIPIA,0.013333333333333334,0.5258333333333334,-1.3672423362731934,0.9559239583333382
BIPIA,0.013333333333333334,0.5266666666666666,-1.3671096563339233,0.9559239583333382
BIPIA,0.013333333333333334,0.5275,-1.3660402297973633,0.9559239583333382
BIPIA,0.013333333333333334,0.5283333333333333,-1.364500641822815,0.9559239583333382
BIPIA,0.014166666666666666,0.5283333333333333,-1.3637655973434448,0.9559239583333382
BIPIA,0.014166666666666666,0.5291666666666667,-1.3635907173156738,0.9559239583333382
BIPIA,0.015,0.5291666666666667,-1.3609273433685303,0.9559239583333382
BIPIA,0.015,0.53,-1.3608732223510742,0.9559239583333382
BIPIA,0.015,0.5308333333333334,-1.3564366102218628,0.9559239583333382
BIPIA,0.015833333333333335,0.5316666666666666,-1.354063630104065,0.9559239583333382
BIPIA,0.015833333333333335,0.5325,-1.3519026041030884,0.9559239583333382
BIPIA,0.015833333333333335,0.5333333333333333,-1.3510820865631104,0.9559239583333382
BIPIA,0.015833333333333335,0.5341666666666667,-1.3510452508926392,0.9559239583333382
BIPIA,0.015833333333333335,0.535,-1.35029137134552,0.9559239583333382
BIPIA,0.016666666666666666,0.5358333333333334,-1.3500127792358398,0.9559239583333382
BIPIA,0.016666666666666666,0.5366666666666666,-1.348513126373291,0.9559239583333382
BIPIA,0.016666666666666666,0.5375,-1.345974326133728,0.9559239583333382
BIPIA,0.016666666666666666,0.5383333333333333,-1.34390127658844,0.9559239583333382
BIPIA,0.016666666666666666,0.5391666666666667,-1.3438225984573364,0.9559239583333382
BIPIA,0.0175,0.5391666666666667,-1.3405190706253052,0.9559239583333382
BIPIA,0.0175,0.54,-1.3396074771881104,0.9559239583333382
BIPIA,0.0175,0.5408333333333334,-1.3395522832870483,0.9559239583333382
BIPIA,0.0175,0.5416666666666666,-1.3386162519454956,0.9559239583333382
BIPIA,0.0175,0.5425,-1.337966799736023,0.9559239583333382
BIPIA,0.0175,0.5433333333333333,-1.3378801345825195,0.9559239583333382
BIPIA,0.0175,0.5441666666666667,-1.3378766775131226,0.9559239583333382
BIPIA,0.0175,0.545,-1.3351942300796509,0.9559239583333382
BIPIA,0.0175,0.5458333333333333,-1.3347820043563843,0.9559239583333382
BIPIA,0.0175,0.5466666666666666,-1.3347457647323608,0.9559239583333382
BIPIA,0.0175,0.5475,-1.3321467638015747,0.9559239583333382
BIPIA,0.0175,0.5483333333333333,-1.331900715827942,0.9559239583333382
BIPIA,0.0175,0.5491666666666667,-1.3317986726760864,0.9559239583333382
BIPIA,0.0175,0.55,-1.3295526504516602,0.9559239583333382
BIPIA,0.0175,0.5508333333333333,-1.3291174173355103,0.9559239583333382
BIPIA,0.0175,0.5516666666666666,-1.327763319015503,0.9559239583333382
BIPIA,0.0175,0.5525,-1.3274016380310059,0.9559239583333382
BIPIA,0.0175,0.5533333333333333,-1.3257964849472046,0.9559239583333382
BIPIA,0.0175,0.5541666666666667,-1.3198736906051636,0.9559239583333382
BIPIA,0.0175,0.555,-1.316861629486084,0.9559239583333382
BIPIA,0.0175,0.5558333333333333,-1.3130158185958862,0.9559239583333382
BIPIA,0.0175,0.5566666666666666,-1.3088977336883545,0.9559239583333382
BIPIA,0.0175,0.5575,-1.3087915182113647,0.9559239583333382
BIPIA,0.0175,0.5583333333333333,-1.3072839975357056,0.9559239583333382
BIPIA,0.0175,0.5591666666666667,-1.3058253526687622,0.9559239583333382
BIPIA,0.0175,0.56,-1.3037902116775513,0.9559239583333382
BIPIA,0.0175,0.5608333333333333,-1.301185965538025,0.9559239583333382
BIPIA,0.0175,0.5616666666666666,-1.300511121749878,0.9559239583333382
BIPIA,0.0175,0.5625,-1.2998865842819214,0.9559239583333382
BIPIA,0.018333333333333333,0.5625,-1.2977436780929565,0.9559239583333382
BIPIA,0.019166666666666665,0.5625,-1.2973878383636475,0.9559239583333382
BIPIA,0.019166666666666665,0.5633333333333334,-1.2965177297592163,0.9559239583333382
BIPIA,0.019166666666666665,0.5641666666666667,-1.2948006391525269,0.9559239583333382
BIPIA,0.019166666666666665,0.565,-1.2944424152374268,0.9559239583333382
BIPIA,0.019166666666666665,0.5658333333333333,-1.2936553955078125,0.9559239583333382
BIPIA,0.019166666666666665,0.5666666666666667,-1.291345477104187,0.9559239583333382
BIPIA,0.019166666666666665,0.5675,-1.2874716520309448,0.9559239583333382
BIPIA,0.019166666666666665,0.5683333333333334,-1.2870062589645386,0.9559239583333382
BIPIA,0.019166666666666665,0.5691666666666667,-1.2857437133789062,0.9559239583333382
BIPIA,0.019166666666666665,0.57,-1.2821599245071411,0.9559239583333382
BIPIA,0.019166666666666665,0.5708333333333333,-1.2771717309951782,0.9559239583333382
BIPIA,0.019166666666666665,0.5716666666666667,-1.276352047920227,0.9559239583333382
BIPIA,0.019166666666666665,0.5725,-1.2761980295181274,0.9559239583333382
BIPIA,0.019166666666666665,0.5733333333333334,-1.27507483959198,0.9559239583333382
BIPIA,0.019166666666666665,0.5741666666666667,-1.274178385734558,0.9559239583333382
BIPIA,0.019166666666666665,0.575,-1.2734612226486206,0.9559239583333382
BIPIA,0.019166666666666665,0.5758333333333333,-1.2726582288742065,0.9559239583333382
BIPIA,0.019166666666666665,0.5766666666666667,-1.2720959186553955,0.9559239583333382
BIPIA,0.019166666666666665,0.5775,-1.26998770236969,0.9559239583333382
BIPIA,0.02,0.5783333333333334,-1.2698382139205933,0.9559239583333382
BIPIA,0.02,0.5791666666666667,-1.2675443887710571,0.9559239583333382
BIPIA,0.02,0.58,-1.2675390243530273,0.9559239583333382
BIPIA,0.02,0.5808333333333333,-1.2669016122817993,0.9559239583333382
BIPIA,0.02,0.5816666666666667,-1.2652034759521484,0.9559239583333382
BIPIA,0.02,0.5825,-1.2651114463806152,0.9559239583333382
BIPIA,0.02,0.5833333333333334,-1.2632839679718018,0.9559239583333382
BIPIA,0.02,0.5841666666666666,-1.2610710859298706,0.9559239583333382
BIPIA,0.02,0.585,-1.258610486984253,0.9559239583333382
BIPIA,0.02,0.5858333333333333,-1.2584047317504883,0.9559239583333382
BIPIA,0.02,0.5866666666666667,-1.2577848434448242,0.9559239583333382
BIPIA,0.02,0.5875,-1.2572987079620361,0.9559239583333382
BIPIA,0.02,0.5883333333333334,-1.2547143697738647,0.9559239583333382
BIPIA,0.02,0.5891666666666666,-1.2499958276748657,0.9559239583333382
BIPIA,0.02,0.59,-1.2496955394744873,0.9559239583333382
BIPIA,0.02,0.5908333333333333,-1.248368263244629,0.9559239583333382
BIPIA,0.02,0.5916666666666667,-1.247897744178772,0.9559239583333382
BIPIA,0.020833333333333332,0.5916666666666667,-1.2478653192520142,0.9559239583333382
BIPIA,0.020833333333333332,0.5925,-1.2473198175430298,0.9559239583333382
BIPIA,0.020833333333333332,0.5933333333333334,-1.2471684217453003,0.9559239583333382
BIPIA,0.020833333333333332,0.5941666666666666,-1.2444919347763062,0.9559239583333382
BIPIA,0.020833333333333332,0.595,-1.243131160736084,0.9559239583333382
BIPIA,0.020833333333333332,0.5958333333333333,-1.2408510446548462,0.9559239583333382
BIPIA,0.020833333333333332,0.5966666666666667,-1.2372304201126099,0.9559239583333382
BIPIA,0.020833333333333332,0.5975,-1.2372158765792847,0.9559239583333382
BIPIA,0.020833333333333332,0.5983333333333334,-1.2357910871505737,0.9559239583333382
BIPIA,0.020833333333333332,0.5991666666666666,-1.2347337007522583,0.9559239583333382
BIPIA,0.020833333333333332,0.6,-1.2341433763504028,0.9559239583333382
BIPIA,0.021666666666666667,0.6,-1.2322359085083008,0.9559239583333382
BIPIA,0.021666666666666667,0.6008333333333333,-1.232221007347107,0.9559239583333382
BIPIA,0.021666666666666667,0.6016666666666667,-1.2294319868087769,0.9559239583333382
BIPIA,0.0225,0.6025,-1.2264729738235474,0.9559239583333382
BIPIA,0.0225,0.6033333333333334,-1.223588466644287,0.9559239583333382
BIPIA,0.0225,0.6041666666666666,-1.223415493965149,0.9559239583333382
BIPIA,0.0225,0.605,-1.2220078706741333,0.9559239583333382
BIPIA,0.0225,0.6058333333333333,-1.22184157371521,0.9559239583333382
BIPIA,0.0225,0.6066666666666667,-1.2212597131729126,0.9559239583333382
BIPIA,0.0225,0.6075,-1.2193646430969238,0.9559239583333382
BIPIA,0.023333333333333334,0.6075,-1.217220664024353,0.9559239583333382
BIPIA,0.023333333333333334,0.6083333333333333,-1.216157078742981,0.9559239583333382
BIPIA,0.023333333333333334,0.6091666666666666,-1.2156074047088623,0.9559239583333382
BIPIA,0.023333333333333334,0.61,-1.213138461112976,0.9559239583333382
BIPIA,0.023333333333333334,0.6108333333333333,-1.2124429941177368,0.9559239583333382
BIPIA,0.024166666666666666,0.6108333333333333,-1.2115033864974976,0.9559239583333382
BIPIA,0.024166666666666666,0.6116666666666667,-1.2107702493667603,0.9559239583333382
BIPIA,0.024166666666666666,0.6125,-1.2090070247650146,0.9559239583333382
BIPIA,0.024166666666666666,0.6133333333333333,-1.2041280269622803,0.9559239583333382
BIPIA,0.024166666666666666,0.6141666666666666,-1.20281982421875,0.9559239583333382
BIPIA,0.024166666666666666,0.615,-1.2015190124511719,0.9559239583333382
BIPIA,0.024166666666666666,0.6158333333333333,-1.1996325254440308,0.9559239583333382
BIPIA,0.025,0.6166666666666667,-1.1946704387664795,0.9559239583333382
BIPIA,0.025,0.6175,-1.1926394701004028,0.9559239583333382
BIPIA,0.025,0.6183333333333333,-1.1918264627456665,0.9559239583333382
BIPIA,0.025,0.6191666666666666,-1.1894127130508423,0.9559239583333382
BIPIA,0.025,0.62,-1.1871830224990845,0.9559239583333382
BIPIA,0.025,0.6208333333333333,-1.1856200695037842,0.9559239583333382
BIPIA,0.025,0.6216666666666667,-1.1853654384613037,0.9559239583333382
BIPIA,0.025,0.6225,-1.1849579811096191,0.9559239583333382
BIPIA,0.025,0.6233333333333333,-1.1849048137664795,0.9559239583333382
BIPIA,0.025,0.6241666666666666,-1.1838037967681885,0.9559239583333382
BIPIA,0.025,0.625,-1.1830517053604126,0.9559239583333382
BIPIA,0.025,0.6258333333333334,-1.1824179887771606,0.9559239583333382
BIPIA,0.025833333333333333,0.6266666666666667,-1.1810741424560547,0.9559239583333382
BIPIA,0.025833333333333333,0.6275,-1.1790910959243774,0.9559239583333382
BIPIA,0.025833333333333333,0.6283333333333333,-1.1789377927780151,0.9559239583333382
BIPIA,0.025833333333333333,0.6291666666666667,-1.1784595251083374,0.9559239583333382
BIPIA,0.025833333333333333,0.63,-1.1773804426193237,0.9559239583333382
BIPIA,0.025833333333333333,0.6308333333333334,-1.1751563549041748,0.9559239583333382
BIPIA,0.025833333333333333,0.6316666666666667,-1.1744325160980225,0.9559239583333382
BIPIA,0.025833333333333333,0.6325,-1.1740832328796387,0.9559239583333382
BIPIA,0.025833333333333333,0.6333333333333333,-1.1735544204711914,0.9559239583333382
BIPIA,0.025833333333333333,0.6341666666666667,-1.1726020574569702,0.9559239583333382
BIPIA,0.025833333333333333,0.635,-1.1711996793746948,0.9559239583333382
BIPIA,0.025833333333333333,0.6358333333333334,-1.1709576845169067,0.9559239583333382
BIPIA,0.025833333333333333,0.6366666666666667,-1.1707979440689087,0.9559239583333382
BIPIA,0.025833333333333333,0.6375,-1.1683982610702515,0.9559239583333382
BIPIA,0.025833333333333333,0.6383333333333333,-1.1679127216339111,0.9559239583333382
BIPIA,0.02666666666666667,0.6391666666666667,-1.1672905683517456,0.9559239583333382
BIPIA,0.02666666666666667,0.64,-1.1669280529022217,0.9559239583333382
BIPIA,0.02666666666666667,0.6408333333333334,-1.1663914918899536,0.9559239583333382
BIPIA,0.02666666666666667,0.6416666666666667,-1.1663578748703003,0.9559239583333382
BIPIA,0.02666666666666667,0.6425,-1.165619969367981,0.9559239583333382
BIPIA,0.02666666666666667,0.6433333333333333,-1.1649020910263062,0.9559239583333382
BIPIA,0.02666666666666667,0.6441666666666667,-1.1645656824111938,0.9559239583333382
BIPIA,0.02666666666666667,0.645,-1.1623061895370483,0.9559239583333382
BIPIA,0.02666666666666667,0.6458333333333334,-1.1621501445770264,0.9559239583333382
BIPIA,0.02666666666666667,0.6466666666666666,-1.1614512205123901,0.9559239583333382
BIPIA,0.02666666666666667,0.6475,-1.1609141826629639,0.9559239583333382
BIPIA,0.02666666666666667,0.6483333333333333,-1.1568986177444458,0.9559239583333382
BIPIA,0.02666666666666667,0.6491666666666667,-1.1566709280014038,0.9559239583333382
BIPIA,0.02666666666666667,0.65,-1.1560332775115967,0.9559239583333382
BIPIA,0.02666666666666667,0.6508333333333334,-1.1553200483322144,0.9559239583333382
BIPIA,0.02666666666666667,0.6516666666666666,-1.1534497737884521,0.9559239583333382
BIPIA,0.02666666666666667,0.6525,-1.1521743535995483,0.9559239583333382
BIPIA,0.0275,0.6533333333333333,-1.1521546840667725,0.9559239583333382
BIPIA,0.0275,0.6541666666666667,-1.150112509727478,0.9559239583333382
BIPIA,0.0275,0.655,-1.14951753616333,0.9559239583333382
BIPIA,0.0275,0.6558333333333334,-1.1488105058670044,0.9559239583333382
BIPIA,0.0275,0.6566666666666666,-1.1475638151168823,0.9559239583333382
BIPIA,0.028333333333333332,0.6566666666666666,-1.1452093124389648,0.9559239583333382
BIPIA,0.028333333333333332,0.6575,-1.1417347192764282,0.9559239583333382
BIPIA,0.028333333333333332,0.6583333333333333,-1.1416739225387573,0.9559239583333382
BIPIA,0.028333333333333332,0.6591666666666667,-1.140643835067749,0.9559239583333382
BIPIA,0.028333333333333332,0.66,-1.1378663778305054,0.9559239583333382
BIPIA,0.029166666666666667,0.6608333333333334,-1.1364606618881226,0.9559239583333382
BIPIA,0.029166666666666667,0.6616666666666666,-1.1361275911331177,0.9559239583333382
BIPIA,0.03,0.6616666666666666,-1.1358388662338257,0.9559239583333382
BIPIA,0.030833333333333334,0.6616666666666666,-1.1338783502578735,0.9559239583333382
BIPIA,0.030833333333333334,0.6625,-1.1328175067901611,0.9559239583333382
BIPIA,0.030833333333333334,0.6633333333333333,-1.129220724105835,0.9559239583333382
BIPIA,0.030833333333333334,0.6641666666666667,-1.126022219657898,0.9559239583333382
BIPIA,0.030833333333333334,0.665,-1.1250807046890259,0.9559239583333382
BIPIA,0.030833333333333334,0.6658333333333334,-1.1248676776885986,0.9559239583333382
BIPIA,0.030833333333333334,0.6666666666666666,-1.123496174812317,0.9559239583333382
BIPIA,0.030833333333333334,0.6675,-1.1171578168869019,0.9559239583333382
BIPIA,0.030833333333333334,0.6683333333333333,-1.1170854568481445,0.9559239583333382
BIPIA,0.030833333333333334,0.6691666666666667,-1.115995168685913,0.9559239583333382
BIPIA,0.030833333333333334,0.67,-1.112743854522705,0.9559239583333382
BIPIA,0.030833333333333334,0.6708333333333333,-1.111993670463562,0.9559239583333382
BIPIA,0.030833333333333334,0.6716666666666666,-1.111653447151184,0.9559239583333382
BIPIA,0.030833333333333334,0.6725,-1.1114038228988647,0.9559239583333382
BIPIA,0.030833333333333334,0.6733333333333333,-1.1092392206192017,0.9559239583333382
BIPIA,0.030833333333333334,0.6741666666666667,-1.1091464757919312,0.9559239583333382
BIPIA,0.03166666666666667,0.6741666666666667,-1.10901939868927,0.9559239583333382
BIPIA,0.0325,0.6741666666666667,-1.108913540840149,0.9559239583333382
BIPIA,0.0325,0.675,-1.1067179441452026,0.9559239583333382
BIPIA,0.0325,0.6758333333333333,-1.1029064655303955,0.9559239583333382
BIPIA,0.0325,0.6766666666666666,-1.1026283502578735,0.9559239583333382
BIPIA,0.0325,0.6775,-1.1019115447998047,0.9559239583333382
BIPIA,0.0325,0.6783333333333333,-1.1006934642791748,0.9559239583333382
BIPIA,0.0325,0.6791666666666667,-1.0988414287567139,0.9559239583333382
BIPIA,0.0325,0.68,-1.0984781980514526,0.9559239583333382
BIPIA,0.0325,0.6808333333333333,-1.0974526405334473,0.9559239583333382
BIPIA,0.0325,0.6816666666666666,-1.0969904661178589,0.9559239583333382
BIPIA,0.0325,0.6825,-1.0969775915145874,0.9559239583333382
BIPIA,0.0325,0.6833333333333333,-1.096854329109192,0.9559239583333382
BIPIA,0.0325,0.6841666666666667,-1.09447181224823,0.9559239583333382
BIPIA,0.0325,0.685,-1.0934209823608398,0.9559239583333382
BIPIA,0.0325,0.6858333333333333,-1.090847134590149,0.9559239583333382
BIPIA,0.0325,0.6866666666666666,-1.0904685258865356,0.9559239583333382
BIPIA,0.0325,0.6875,-1.0896304845809937,0.9559239583333382
BIPIA,0.0325,0.6883333333333334,-1.0882893800735474,0.9559239583333382
BIPIA,0.0325,0.6891666666666667,-1.0876394510269165,0.9559239583333382
BIPIA,0.0325,0.69,-1.0867666006088257,0.9559239583333382
BIPIA,0.0325,0.6908333333333333,-1.0867506265640259,0.9559239583333382
BIPIA,0.0325,0.6916666666666667,-1.0840685367584229,0.9559239583333382
BIPIA,0.0325,0.6925,-1.081307291984558,0.9559239583333382
BIPIA,0.0325,0.6933333333333334,-1.0813008546829224,0.9559239583333382
BIPIA,0.0325,0.6941666666666667,-1.0805953741073608,0.9559239583333382
BIPIA,0.0325,0.695,-1.079414963722229,0.9559239583333382
BIPIA,0.0325,0.6958333333333333,-1.078166127204895,0.9559239583333382
BIPIA,0.03333333333333333,0.6958333333333333,-1.0730983018875122,0.9559239583333382
BIPIA,0.03333333333333333,0.6966666666666667,-1.0718306303024292,0.9559239583333382
BIPIA,0.034166666666666665,0.6966666666666667,-1.071563720703125,0.9559239583333382
BIPIA,0.034166666666666665,0.6975,-1.0682761669158936,0.9559239583333382
BIPIA,0.034166666666666665,0.6983333333333334,-1.066535234451294,0.9559239583333382
BIPIA,0.034166666666666665,0.6991666666666667,-1.064508318901062,0.9559239583333382
BIPIA,0.034166666666666665,0.7,-1.062954306602478,0.9559239583333382
BIPIA,0.034166666666666665,0.7008333333333333,-1.061186671257019,0.9559239583333382
BIPIA,0.035,0.7016666666666667,-1.0611754655838013,0.9559239583333382
BIPIA,0.035833333333333335,0.7016666666666667,-1.0606954097747803,0.9559239583333382
BIPIA,0.035833333333333335,0.7025,-1.0590749979019165,0.9559239583333382
BIPIA,0.035833333333333335,0.7033333333333334,-1.054890513420105,0.9559239583333382
BIPIA,0.035833333333333335,0.7041666666666667,-1.0537872314453125,0.9559239583333382
BIPIA,0.035833333333333335,0.705,-1.0508205890655518,0.9559239583333382
BIPIA,0.035833333333333335,0.7058333333333333,-1.0496156215667725,0.9559239583333382
BIPIA,0.035833333333333335,0.7066666666666667,-1.04938542842865,0.9559239583333382
BIPIA,0.035833333333333335,0.7075,-1.0488003492355347,0.9559239583333382
BIPIA,0.035833333333333335,0.7083333333333334,-1.0481925010681152,0.9559239583333382
BIPIA,0.035833333333333335,0.7091666666666666,-1.0468900203704834,0.9559239583333382
BIPIA,0.035833333333333335,0.71,-1.046278953552246,0.9559239583333382
BIPIA,0.035833333333333335,0.7108333333333333,-1.045688509941101,0.9559239583333382
BIPIA,0.035833333333333335,0.7116666666666667,-1.0443886518478394,0.9559239583333382
BIPIA,0.035833333333333335,0.7125,-1.0442301034927368,0.9559239583333382
BIPIA,0.035833333333333335,0.7133333333333334,-1.043911337852478,0.9559239583333382
BIPIA,0.035833333333333335,0.7141666666666666,-1.0431240797042847,0.9559239583333382
BIPIA,0.035833333333333335,0.715,-1.040352702140808,0.9559239583333382
BIPIA,0.035833333333333335,0.7158333333333333,-1.036881923675537,0.9559239583333382
BIPIA,0.035833333333333335,0.7166666666666667,-1.0365766286849976,0.9559239583333382
BIPIA,0.035833333333333335,0.7175,-1.035366415977478,0.9559239583333382
BIPIA,0.035833333333333335,0.7183333333333334,-1.0327304601669312,0.9559239583333382
BIPIA,0.035833333333333335,0.7191666666666666,-1.0311452150344849,0.9559239583333382
BIPIA,0.035833333333333335,0.72,-1.0260142087936401,0.9559239583333382
BIPIA,0.03666666666666667,0.72,-1.0241847038269043,0.9559239583333382
BIPIA,0.03666666666666667,0.7208333333333333,-1.0234285593032837,0.9559239583333382
BIPIA,0.03666666666666667,0.7216666666666667,-1.020875096321106,0.9559239583333382
BIPIA,0.03666666666666667,0.7225,-1.0202542543411255,0.9559239583333382
BIPIA,0.03666666666666667,0.7233333333333334,-1.0170564651489258,0.9559239583333382
BIPIA,0.03666666666666667,0.7241666666666666,-1.0155388116836548,0.9559239583333382
BIPIA,0.03666666666666667,0.725,-1.0153566598892212,0.9559239583333382
BIPIA,0.03666666666666667,0.7258333333333333,-1.0151811838150024,0.9559239583333382
BIPIA,0.03666666666666667,0.7266666666666667,-1.0126664638519287,0.9559239583333382
BIPIA,0.03666666666666667,0.7275,-1.011061429977417,0.9559239583333382
BIPIA,0.03666666666666667,0.7283333333333334,-1.008029818534851,0.9559239583333382
BIPIA,0.03666666666666667,0.7291666666666666,-1.0073624849319458,0.9559239583333382
BIPIA,0.03666666666666667,0.73,-1.0072035789489746,0.9559239583333382
BIPIA,0.03666666666666667,0.7308333333333333,-1.0055962800979614,0.9559239583333382
BIPIA,0.03666666666666667,0.7316666666666667,-1.002332329750061,0.9559239583333382
BIPIA,0.0375,0.7316666666666667,-0.9992590546607971,0.9559239583333382
BIPIA,0.0375,0.7325,-0.9938066601753235,0.9559239583333382
BIPIA,0.03833333333333333,0.7325,-0.9911640286445618,0.9559239583333382
BIPIA,0.03916666666666667,0.7325,-0.9899466633796692,0.9559239583333382
BIPIA,0.03916666666666667,0.7333333333333333,-0.9898869395256042,0.9559239583333382
BIPIA,0.03916666666666667,0.7341666666666666,-0.9881077408790588,0.9559239583333382
BIPIA,0.03916666666666667,0.735,-0.9878706336021423,0.9559239583333382
BIPIA,0.03916666666666667,0.7358333333333333,-0.9858909249305725,0.9559239583333382
BIPIA,0.03916666666666667,0.7366666666666667,-0.9848375916481018,0.9559239583333382
BIPIA,0.03916666666666667,0.7375,-0.9830384850502014,0.9559239583333382
BIPIA,0.03916666666666667,0.7383333333333333,-0.9826608300209045,0.9559239583333382
BIPIA,0.04,0.7383333333333333,-0.9812653660774231,0.9559239583333382
BIPIA,0.04,0.7391666666666666,-0.9811354279518127,0.9559239583333382
BIPIA,0.04,0.74,-0.9809364676475525,0.9559239583333382
BIPIA,0.04,0.7408333333333333,-0.9797356724739075,0.9559239583333382
BIPIA,0.04,0.7416666666666667,-0.9772912859916687,0.9559239583333382
BIPIA,0.04,0.7425,-0.9752894043922424,0.9559239583333382
BIPIA,0.04,0.7433333333333333,-0.9742768406867981,0.9559239583333382
BIPIA,0.04,0.7441666666666666,-0.9735246300697327,0.9559239583333382
BIPIA,0.04,0.745,-0.9718663096427917,0.9559239583333382
BIPIA,0.04,0.7458333333333333,-0.9715333580970764,0.9559239583333382
BIPIA,0.04,0.7466666666666667,-0.9712291359901428,0.9559239583333382
BIPIA,0.04,0.7475,-0.9696256518363953,0.9559239583333382
BIPIA,0.04,0.7483333333333333,-0.9681418538093567,0.9559239583333382
BIPIA,0.04,0.7491666666666666,-0.9586862921714783,0.9559239583333382
BIPIA,0.04,0.75,-0.9572562575340271,0.9559239583333382
BIPIA,0.04083333333333333,0.75,-0.9558228850364685,0.9559239583333382
BIPIA,0.04083333333333333,0.7508333333333334,-0.9556439518928528,0.9559239583333382
BIPIA,0.04083333333333333,0.7516666666666667,-0.9552226662635803,0.9559239583333382
BIPIA,0.04083333333333333,0.7525,-0.9507308602333069,0.9559239583333382
BIPIA,0.04083333333333333,0.7533333333333333,-0.9482622742652893,0.9559239583333382
BIPIA,0.04083333333333333,0.7541666666666667,-0.9478524327278137,0.9559239583333382
BIPIA,0.04083333333333333,0.755,-0.9478229880332947,0.9559239583333382
BIPIA,0.04083333333333333,0.7558333333333334,-0.9477555155754089,0.9559239583333382
BIPIA,0.04083333333333333,0.7566666666666667,-0.9462642073631287,0.9559239583333382
BIPIA,0.04083333333333333,0.7575,-0.9457854628562927,0.9559239583333382
BIPIA,0.04083333333333333,0.7583333333333333,-0.9454520344734192,0.9559239583333382
BIPIA,0.04083333333333333,0.7591666666666667,-0.9444001317024231,0.9559239583333382
BIPIA,0.041666666666666664,0.76,-0.9442889094352722,0.9559239583333382
BIPIA,0.0425,0.76,-0.942699134349823,0.9559239583333382
BIPIA,0.0425,0.7608333333333334,-0.9403819441795349,0.9559239583333382
BIPIA,0.0425,0.7616666666666667,-0.9400854706764221,0.9559239583333382
BIPIA,0.0425,0.7625,-0.9366559386253357,0.9559239583333382
BIPIA,0.0425,0.7633333333333333,-0.9350150227546692,0.9559239583333382
BIPIA,0.0425,0.7641666666666667,-0.9330955147743225,0.9559239583333382
BIPIA,0.0425,0.765,-0.9316485524177551,0.9559239583333382
BIPIA,0.0425,0.7658333333333334,-0.9310787320137024,0.9559239583333382
BIPIA,0.0425,0.7666666666666667,-0.9288933873176575,0.9559239583333382
BIPIA,0.0425,0.7675,-0.9279113411903381,0.9559239583333382
BIPIA,0.043333333333333335,0.7675,-0.9268026947975159,0.9559239583333382
BIPIA,0.04416666666666667,0.7675,-0.9249828457832336,0.9559239583333382
BIPIA,0.04416666666666667,0.7683333333333333,-0.9244303107261658,0.9559239583333382
BIPIA,0.04416666666666667,0.7691666666666667,-0.923887312412262,0.9559239583333382
BIPIA,0.04416666666666667,0.77,-0.9221876263618469,0.9559239583333382
BIPIA,0.045,0.77,-0.9178397059440613,0.9559239583333382
BIPIA,0.04583333333333333,0.77,-0.9150941967964172,0.9559239583333382
BIPIA,0.04583333333333333,0.7708333333333334,-0.9142054915428162,0.9559239583333382
BIPIA,0.04583333333333333,0.7716666666666666,-0.912031352519989,0.9559239583333382
BIPIA,0.04583333333333333,0.7725,-0.9092007279396057,0.9559239583333382
BIPIA,0.04666666666666667,0.7733333333333333,-0.908450186252594,0.9559239583333382
BIPIA,0.04666666666666667,0.7741666666666667,-0.9078912138938904,0.9559239583333382
BIPIA,0.04666666666666667,0.775,-0.9040696024894714,0.9559239583333382
BIPIA,0.0475,0.775,-0.9022788405418396,0.9559239583333382
BIPIA,0.0475,0.7758333333333334,-0.9005730748176575,0.9559239583333382
BIPIA,0.0475,0.7766666666666666,-0.9002627730369568,0.9559239583333382
BIPIA,0.0475,0.7775,-0.8995510339736938,0.9559239583333382
BIPIA,0.0475,0.7783333333333333,-0.8990943431854248,0.9559239583333382
BIPIA,0.0475,0.7791666666666667,-0.8990330696105957,0.9559239583333382
BIPIA,0.0475,0.78,-0.8982780575752258,0.9559239583333382
BIPIA,0.0475,0.7808333333333334,-0.8963753581047058,0.9559239583333382
BIPIA,0.0475,0.7816666666666666,-0.8935850858688354,0.9559239583333382
BIPIA,0.0475,0.7825,-0.893177330493927,0.9559239583333382
BIPIA,0.0475,0.7833333333333333,-0.8926610946655273,0.9559239583333382
BIPIA,0.0475,0.7841666666666667,-0.8891995549201965,0.9559239583333382
BIPIA,0.04833333333333333,0.7841666666666667,-0.8849156498908997,0.9559239583333382
BIPIA,0.04833333333333333,0.785,-0.8843653798103333,0.9559239583333382
BIPIA,0.04833333333333333,0.7858333333333334,-0.8837711215019226,0.9559239583333382
BIPIA,0.04833333333333333,0.7866666666666666,-0.8835181593894958,0.9559239583333382
BIPIA,0.04833333333333333,0.7875,-0.8825551867485046,0.9559239583333382
BIPIA,0.04833333333333333,0.7883333333333333,-0.8804149031639099,0.9559239583333382
BIPIA,0.04833333333333333,0.7891666666666667,-0.8798719048500061,0.9559239583333382
BIPIA,0.049166666666666664,0.7891666666666667,-0.8709343075752258,0.9559239583333382
BIPIA,0.049166666666666664,0.79,-0.8693998456001282,0.9559239583333382
BIPIA,0.05,0.79,-0.8684743642807007,0.9559239583333382
BIPIA,0.05,0.7908333333333334,-0.868320643901825,0.9559239583333382
BIPIA,0.05,0.7916666666666666,-0.8676076531410217,0.9559239583333382
BIPIA,0.05,0.7925,-0.865428626537323,0.9559239583333382
BIPIA,0.05,0.7933333333333333,-0.8640366196632385,0.9559239583333382
BIPIA,0.05,0.7941666666666667,-0.8592669367790222,0.9559239583333382
BIPIA,0.05,0.795,-0.8567849397659302,0.9559239583333382
BIPIA,0.05,0.7958333333333333,-0.8564126491546631,0.9559239583333382
BIPIA,0.050833333333333335,0.7966666666666666,-0.8553932309150696,0.9559239583333382
BIPIA,0.051666666666666666,0.7966666666666666,-0.8551467657089233,0.9559239583333382
BIPIA,0.051666666666666666,0.7975,-0.8536752462387085,0.9559239583333382
BIPIA,0.0525,0.7975,-0.8532567620277405,0.9559239583333382
BIPIA,0.0525,0.7983333333333333,-0.8522789478302002,0.9559239583333382
BIPIA,0.0525,0.7991666666666667,-0.8519841432571411,0.9559239583333382
BIPIA,0.0525,0.8,-0.8519478440284729,0.9559239583333382
BIPIA,0.0525,0.8008333333333333,-0.8460051417350769,0.9559239583333382
BIPIA,0.0525,0.8016666666666666,-0.8442897200584412,0.9559239583333382
BIPIA,0.0525,0.8025,-0.8440380692481995,0.9559239583333382
BIPIA,0.0525,0.8033333333333333,-0.8430590629577637,0.9559239583333382
BIPIA,0.0525,0.8041666666666667,-0.8424049019813538,0.9559239583333382
BIPIA,0.0525,0.805,-0.8408027291297913,0.9559239583333382
BIPIA,0.0525,0.8058333333333333,-0.8375031352043152,0.9559239583333382
BIPIA,0.0525,0.8066666666666666,-0.8357346057891846,0.9559239583333382
BIPIA,0.0525,0.8075,-0.8333086371421814,0.9559239583333382
BIPIA,0.0525,0.8083333333333333,-0.8327683806419373,0.9559239583333382
BIPIA,0.05333333333333334,0.8091666666666667,-0.8325003981590271,0.9559239583333382
BIPIA,0.05333333333333334,0.81,-0.8323895931243896,0.9559239583333382
BIPIA,0.05333333333333334,0.8108333333333333,-0.8313933610916138,0.9559239583333382
BIPIA,0.05333333333333334,0.8116666666666666,-0.8294507265090942,0.9559239583333382
BIPIA,0.05333333333333334,0.8125,-0.8287844061851501,0.9559239583333382
BIPIA,0.05333333333333334,0.8133333333333334,-0.8285887241363525,0.9559239583333382
BIPIA,0.05333333333333334,0.8141666666666667,-0.8280310034751892,0.9559239583333382
BIPIA,0.05333333333333334,0.815,-0.8278729319572449,0.9559239583333382
BIPIA,0.05333333333333334,0.8158333333333333,-0.827867865562439,0.9559239583333382
BIPIA,0.05333333333333334,0.8166666666666667,-0.827102541923523,0.9559239583333382
BIPIA,0.05333333333333334,0.8175,-0.8258839249610901,0.9559239583333382
BIPIA,0.05333333333333334,0.8183333333333334,-0.8226279020309448,0.9559239583333382
BIPIA,0.05333333333333334,0.8191666666666667,-0.8225340247154236,0.9559239583333382
BIPIA,0.05416666666666667,0.82,-0.8204023838043213,0.9559239583333382
BIPIA,0.05416666666666667,0.8208333333333333,-0.8190598487854004,0.9559239583333382
BIPIA,0.05416666666666667,0.8216666666666667,-0.8179149031639099,0.9559239583333382
BIPIA,0.05416666666666667,0.8225,-0.8176329135894775,0.9559239583333382
BIPIA,0.05416666666666667,0.8233333333333334,-0.8154216408729553,0.9559239583333382
BIPIA,0.05416666666666667,0.8241666666666667,-0.8148481845855713,0.9559239583333382
BIPIA,0.05416666666666667,0.825,-0.8147639632225037,0.9559239583333382
BIPIA,0.05416666666666667,0.8258333333333333,-0.8130961060523987,0.9559239583333382
BIPIA,0.05416666666666667,0.8266666666666667,-0.8130797743797302,0.9559239583333382
BIPIA,0.05416666666666667,0.8275,-0.8130480647087097,0.9559239583333382
BIPIA,0.055,0.8275,-0.8115507364273071,0.9559239583333382
BIPIA,0.055,0.8283333333333334,-0.8103708624839783,0.9559239583333382
BIPIA,0.05583333333333333,0.8283333333333334,-0.8094983100891113,0.9559239583333382
BIPIA,0.05583333333333333,0.8291666666666667,-0.8075091242790222,0.9559239583333382
BIPIA,0.05583333333333333,0.83,-0.8072348237037659,0.9559239583333382
BIPIA,0.056666666666666664,0.83,-0.8053037524223328,0.9559239583333382
BIPIA,0.056666666666666664,0.8308333333333333,-0.8050734400749207,0.9559239583333382
BIPIA,0.056666666666666664,0.8316666666666667,-0.8034839034080505,0.9559239583333382
BIPIA,0.0575,0.8316666666666667,-0.8017198443412781,0.9559239583333382
BIPIA,0.0575,0.8325,-0.800667405128479,0.9559239583333382
BIPIA,0.058333333333333334,0.8325,-0.7986533045768738,0.9559239583333382
BIPIA,0.058333333333333334,0.8333333333333334,-0.7909929752349854,0.9559239583333382
BIPIA,0.058333333333333334,0.8341666666666666,-0.7885953783988953,0.9559239583333382
BIPIA,0.059166666666666666,0.8341666666666666,-0.7878044247627258,0.9559239583333382
BIPIA,0.059166666666666666,0.835,-0.7877406477928162,0.9559239583333382
BIPIA,0.06,0.835,-0.7825801968574524,0.9559239583333382
BIPIA,0.06,0.8358333333333333,-0.7806435227394104,0.9559239583333382
BIPIA,0.060833333333333336,0.8358333333333333,-0.7793686985969543,0.9559239583333382
BIPIA,0.060833333333333336,0.8366666666666667,-0.7774999737739563,0.9559239583333382
BIPIA,0.060833333333333336,0.8375,-0.7729678153991699,0.9559239583333382
BIPIA,0.06166666666666667,0.8375,-0.7727878093719482,0.9559239583333382
BIPIA,0.06166666666666667,0.8383333333333334,-0.7727532982826233,0.9559239583333382
BIPIA,0.0625,0.8383333333333334,-0.7701349258422852,0.9559239583333382
BIPIA,0.0625,0.8391666666666666,-0.7682715058326721,0.9559239583333382
BIPIA,0.06333333333333334,0.8391666666666666,-0.767158567905426,0.9559239583333382
BIPIA,0.06416666666666666,0.8391666666666666,-0.7556158900260925,0.9559239583333382
BIPIA,0.065,0.8391666666666666,-0.7525334358215332,0.9559239583333382
BIPIA,0.065,0.84,-0.7514945268630981,0.9559239583333382
BIPIA,0.065,0.8408333333333333,-0.7501974105834961,0.9559239583333382
BIPIA,0.06583333333333333,0.8416666666666667,-0.7475300431251526,0.9559239583333382
BIPIA,0.06583333333333333,0.8425,-0.7460753321647644,0.9559239583333382
BIPIA,0.06666666666666667,0.8425,-0.7417177557945251,0.9559239583333382
BIPIA,0.06666666666666667,0.8433333333333334,-0.7411882281303406,0.9559239583333382
BIPIA,0.06666666666666667,0.8441666666666666,-0.7362280488014221,0.9559239583333382
BIPIA,0.06666666666666667,0.845,-0.7351918816566467,0.9559239583333382
BIPIA,0.0675,0.845,-0.7349469065666199,0.9559239583333382
BIPIA,0.06833333333333333,0.845,-0.7333478927612305,0.9559239583333382
BIPIA,0.06916666666666667,0.845,-0.7322279810905457,0.9559239583333382
BIPIA,0.06916666666666667,0.8458333333333333,-0.7318004965782166,0.9559239583333382
BIPIA,0.06916666666666667,0.8466666666666667,-0.7242392897605896,0.9559239583333382
BIPIA,0.07,0.8466666666666667,-0.7239605784416199,0.9559239583333382
BIPIA,0.07,0.8475,-0.7224138975143433,0.9559239583333382
BIPIA,0.07083333333333333,0.8475,-0.722403883934021,0.9559239583333382
BIPIA,0.07083333333333333,0.8483333333333334,-0.7205199599266052,0.9559239583333382
BIPIA,0.07166666666666667,0.8483333333333334,-0.7127665281295776,0.9559239583333382
BIPIA,0.07166666666666667,0.8491666666666666,-0.7106401324272156,0.9559239583333382
BIPIA,0.07166666666666667,0.85,-0.7105932831764221,0.9559239583333382
BIPIA,0.07166666666666667,0.8508333333333333,-0.7093492746353149,0.9559239583333382
BIPIA,0.0725,0.8508333333333333,-0.7035191655158997,0.9559239583333382
BIPIA,0.0725,0.8516666666666667,-0.7013145685195923,0.9559239583333382
BIPIA,0.0725,0.8525,-0.700471043586731,0.9559239583333382
BIPIA,0.0725,0.8533333333333334,-0.6999790072441101,0.9559239583333382
BIPIA,0.07333333333333333,0.8533333333333334,-0.6996733546257019,0.9559239583333382
BIPIA,0.07416666666666667,0.8533333333333334,-0.6975775361061096,0.9559239583333382
BIPIA,0.07416666666666667,0.8541666666666666,-0.6974890232086182,0.9559239583333382
BIPIA,0.07416666666666667,0.855,-0.696614682674408,0.9559239583333382
BIPIA,0.07416666666666667,0.8558333333333333,-0.6962223649024963,0.9559239583333382
BIPIA,0.07416666666666667,0.8566666666666667,-0.6951192021369934,0.9559239583333382
BIPIA,0.07416666666666667,0.8575,-0.6945334672927856,0.9559239583333382
BIPIA,0.07416666666666667,0.8583333333333333,-0.694084882736206,0.9559239583333382
BIPIA,0.075,0.8591666666666666,-0.6912174224853516,0.9559239583333382
BIPIA,0.075,0.86,-0.6897152662277222,0.9559239583333382
BIPIA,0.075,0.8608333333333333,-0.6885198950767517,0.9559239583333382
BIPIA,0.07583333333333334,0.8608333333333333,-0.6864861845970154,0.9559239583333382
BIPIA,0.07666666666666666,0.8608333333333333,-0.6863579750061035,0.9559239583333382
BIPIA,0.07666666666666666,0.8616666666666667,-0.6852532029151917,0.9559239583333382
BIPIA,0.0775,0.8616666666666667,-0.6838644742965698,0.9559239583333382
BIPIA,0.0775,0.8625,-0.6824109554290771,0.9559239583333382
BIPIA,0.07833333333333334,0.8625,-0.6778638958930969,0.9559239583333382
BIPIA,0.07833333333333334,0.8633333333333333,-0.6778135895729065,0.9559239583333382
BIPIA,0.07916666666666666,0.8633333333333333,-0.6772508025169373,0.9559239583333382
BIPIA,0.07916666666666666,0.8641666666666666,-0.6751983761787415,0.9559239583333382
BIPIA,0.08,0.865,-0.6728825569152832,0.9559239583333382
BIPIA,0.08083333333333333,0.865,-0.6707103848457336,0.9559239583333382
BIPIA,0.08166666666666667,0.865,-0.6698066592216492,0.9559239583333382
BIPIA,0.0825,0.865,-0.6694548726081848,0.9559239583333382
BIPIA,0.0825,0.8658333333333333,-0.6631541848182678,0.9559239583333382
BIPIA,0.0825,0.8666666666666667,-0.6631489992141724,0.9559239583333382
BIPIA,0.0825,0.8675,-0.662007212638855,0.9559239583333382
BIPIA,0.08333333333333333,0.8675,-0.6590522527694702,0.9559239583333382
BIPIA,0.08416666666666667,0.8675,-0.6588025689125061,0.9559239583333382
BIPIA,0.085,0.8675,-0.6582182049751282,0.9559239583333382
BIPIA,0.08583333333333333,0.8683333333333333,-0.656819760799408,0.9559239583333382
BIPIA,0.08666666666666667,0.8683333333333333,-0.6549546122550964,0.9559239583333382
BIPIA,0.08666666666666667,0.8691666666666666,-0.6534785032272339,0.9559239583333382
BIPIA,0.0875,0.8691666666666666,-0.6527255177497864,0.9559239583333382
BIPIA,0.0875,0.87,-0.6494340896606445,0.9559239583333382
BIPIA,0.0875,0.8708333333333333,-0.648021936416626,0.9559239583333382
BIPIA,0.0875,0.8716666666666667,-0.645819902420044,0.9559239583333382
BIPIA,0.0875,0.8725,-0.6453209519386292,0.9559239583333382
BIPIA,0.0875,0.8733333333333333,-0.6447804570198059,0.9559239583333382
BIPIA,0.0875,0.8741666666666666,-0.644687294960022,0.9559239583333382
BIPIA,0.0875,0.875,-0.6439613103866577,0.9559239583333382
BIPIA,0.08833333333333333,0.875,-0.6368110775947571,0.9559239583333382
BIPIA,0.08916666666666667,0.875,-0.6344244480133057,0.9559239583333382
BIPIA,0.09,0.875,-0.6328773498535156,0.9559239583333382
BIPIA,0.09,0.8758333333333334,-0.632357656955719,0.9559239583333382
BIPIA,0.09083333333333334,0.8758333333333334,-0.6318756937980652,0.9559239583333382
BIPIA,0.09166666666666666,0.8758333333333334,-0.6287282109260559,0.9559239583333382
BIPIA,0.09166666666666666,0.8766666666666667,-0.6280947327613831,0.9559239583333382
BIPIA,0.09166666666666666,0.8775,-0.6259178519248962,0.9559239583333382
BIPIA,0.09166666666666666,0.8783333333333333,-0.6204913258552551,0.9559239583333382
BIPIA,0.09166666666666666,0.8791666666666667,-0.6192569136619568,0.9559239583333382
BIPIA,0.09166666666666666,0.88,-0.6189175844192505,0.9559239583333382
BIPIA,0.09166666666666666,0.8808333333333334,-0.6184828877449036,0.9559239583333382
BIPIA,0.0925,0.8808333333333334,-0.6114113330841064,0.9559239583333382
BIPIA,0.0925,0.8816666666666667,-0.6103131175041199,0.9559239583333382
BIPIA,0.09333333333333334,0.8816666666666667,-0.608816385269165,0.9559239583333382
BIPIA,0.09416666666666666,0.8816666666666667,-0.6082748770713806,0.9559239583333382
BIPIA,0.095,0.8816666666666667,-0.6057327389717102,0.9559239583333382
BIPIA,0.09583333333333334,0.8816666666666667,-0.6041585206985474,0.9559239583333382
BIPIA,0.09666666666666666,0.8816666666666667,-0.6009311676025391,0.9559239583333382
BIPIA,0.09666666666666666,0.8825,-0.6003435850143433,0.9559239583333382
BIPIA,0.09666666666666666,0.8833333333333333,-0.6003205180168152,0.9559239583333382
BIPIA,0.09666666666666666,0.8841666666666667,-0.5996474027633667,0.9559239583333382
BIPIA,0.09666666666666666,0.885,-0.5991101861000061,0.9559239583333382
BIPIA,0.09666666666666666,0.8858333333333334,-0.5989770293235779,0.9559239583333382
BIPIA,0.0975,0.8858333333333334,-0.5987685322761536,0.9559239583333382
BIPIA,0.0975,0.8866666666666667,-0.5961881279945374,0.9559239583333382
BIPIA,0.09833333333333333,0.8866666666666667,-0.5951038599014282,0.9559239583333382
BIPIA,0.09833333333333333,0.8875,-0.5948783159255981,0.9559239583333382
BIPIA,0.09916666666666667,0.8875,-0.5916517376899719,0.9559239583333382
BIPIA,0.1,0.8875,-0.5900726914405823,0.9559239583333382
BIPIA,0.10083333333333333,0.8875,-0.5892656445503235,0.9559239583333382
BIPIA,0.10083333333333333,0.8883333333333333,-0.5864092111587524,0.9559239583333382
BIPIA,0.10083333333333333,0.8891666666666667,-0.585203230381012,0.9559239583333382
BIPIA,0.10083333333333333,0.89,-0.5840390920639038,0.9559239583333382
BIPIA,0.10083333333333333,0.8908333333333334,-0.5813677906990051,0.9559239583333382
BIPIA,0.10083333333333333,0.8916666666666667,-0.5779003500938416,0.9559239583333382
BIPIA,0.10166666666666667,0.8916666666666667,-0.5719004273414612,0.9559239583333382
BIPIA,0.1025,0.8916666666666667,-0.5707817673683167,0.9559239583333382
BIPIA,0.10333333333333333,0.8916666666666667,-0.5643208026885986,0.9559239583333382
BIPIA,0.10416666666666667,0.8916666666666667,-0.5640679597854614,0.9559239583333382
BIPIA,0.10416666666666667,0.8925,-0.5612042546272278,0.9559239583333382
BIPIA,0.105,0.8925,-0.5586047768592834,0.9559239583333382
BIPIA,0.105,0.8933333333333333,-0.5567870140075684,0.9559239583333382
BIPIA,0.10583333333333333,0.8933333333333333,-0.5558024048805237,0.9559239583333382
BIPIA,0.10666666666666667,0.8933333333333333,-0.552283525466919,0.9559239583333382
BIPIA,0.1075,0.8933333333333333,-0.5487850904464722,0.9559239583333382
BIPIA,0.10833333333333334,0.8933333333333333,-0.5484782457351685,0.9559239583333382
BIPIA,0.10916666666666666,0.8933333333333333,-0.5482277870178223,0.9559239583333382
BIPIA,0.11,0.8941666666666667,-0.5471147298812866,0.9559239583333382
BIPIA,0.11,0.895,-0.546335756778717,0.9559239583333382
BIPIA,0.11083333333333334,0.895,-0.5462456345558167,0.9559239583333382
BIPIA,0.11083333333333334,0.8958333333333334,-0.5450984835624695,0.9559239583333382
BIPIA,0.11166666666666666,0.8958333333333334,-0.543802797794342,0.9559239583333382
BIPIA,0.1125,0.8958333333333334,-0.5409277081489563,0.9559239583333382
BIPIA,0.11333333333333333,0.8958333333333334,-0.5397526025772095,0.9559239583333382
BIPIA,0.11416666666666667,0.8958333333333334,-0.5390892028808594,0.9559239583333382
BIPIA,0.115,0.8958333333333334,-0.5361358523368835,0.9559239583333382
BIPIA,0.115,0.8966666666666666,-0.535007894039154,0.9559239583333382
BIPIA,0.11583333333333333,0.8966666666666666,-0.5342458486557007,0.9559239583333382
BIPIA,0.11666666666666667,0.8966666666666666,-0.5338311791419983,0.9559239583333382
BIPIA,0.11666666666666667,0.8975,-0.5336571335792542,0.9559239583333382
BIPIA,0.11666666666666667,0.8983333333333333,-0.532565176486969,0.9559239583333382
BIPIA,0.11666666666666667,0.8991666666666667,-0.531985342502594,0.9559239583333382
BIPIA,0.11666666666666667,0.9,-0.5313120484352112,0.9559239583333382
BIPIA,0.1175,0.9,-0.530678927898407,0.9559239583333382
BIPIA,0.11833333333333333,0.9,-0.5293192267417908,0.9559239583333382
BIPIA,0.11833333333333333,0.9008333333333334,-0.5274067521095276,0.9559239583333382
BIPIA,0.11833333333333333,0.9016666666666666,-0.5268561244010925,0.9559239583333382
BIPIA,0.11916666666666667,0.9025,-0.5257859826087952,0.9559239583333382
BIPIA,0.12,0.9025,-0.5247699022293091,0.9559239583333382
BIPIA,0.12,0.9033333333333333,-0.5231102108955383,0.9559239583333382
BIPIA,0.12,0.9041666666666667,-0.5216760039329529,0.9559239583333382
BIPIA,0.12083333333333333,0.9041666666666667,-0.5189049243927002,0.9559239583333382
BIPIA,0.12083333333333333,0.905,-0.5184219479560852,0.9559239583333382
BIPIA,0.12166666666666667,0.905,-0.5182057023048401,0.9559239583333382
BIPIA,0.12166666666666667,0.9058333333333334,-0.5180277824401855,0.9559239583333382
BIPIA,0.12166666666666667,0.9066666666666666,-0.5152462124824524,0.9559239583333382
BIPIA,0.1225,0.9066666666666666,-0.5136229991912842,0.9559239583333382
BIPIA,0.1225,0.9075,-0.5135713219642639,0.9559239583333382
BIPIA,0.12333333333333334,0.9075,-0.5134009122848511,0.9559239583333382
BIPIA,0.12416666666666666,0.9083333333333333,-0.5086880326271057,0.9559239583333382
BIPIA,0.12416666666666666,0.9091666666666667,-0.5073903203010559,0.9559239583333382
BIPIA,0.125,0.9091666666666667,-0.506624162197113,0.9559239583333382
BIPIA,0.125,0.91,-0.5058220624923706,0.9559239583333382
BIPIA,0.12583333333333332,0.91,-0.5054185390472412,0.9559239583333382
BIPIA,0.12583333333333332,0.9108333333333334,-0.5019733309745789,0.9559239583333382
BIPIA,0.12583333333333332,0.9116666666666666,-0.5003969073295593,0.9559239583333382
BIPIA,0.12666666666666668,0.9125,-0.49733781814575195,0.9559239583333382
BIPIA,0.12666666666666668,0.9133333333333333,-0.4950142502784729,0.9559239583333382
BIPIA,0.1275,0.9133333333333333,-0.4946226477622986,0.9559239583333382
BIPIA,0.1275,0.9141666666666667,-0.49452030658721924,0.9559239583333382
BIPIA,0.1275,0.915,-0.4921579957008362,0.9559239583333382
BIPIA,0.12833333333333333,0.915,-0.4889371991157532,0.9559239583333382
BIPIA,0.12833333333333333,0.9158333333333334,-0.48661988973617554,0.9559239583333382
BIPIA,0.12916666666666668,0.9158333333333334,-0.486464262008667,0.9559239583333382
BIPIA,0.12916666666666668,0.9166666666666666,-0.48595380783081055,0.9559239583333382
BIPIA,0.13,0.9166666666666666,-0.48532426357269287,0.9559239583333382
BIPIA,0.13083333333333333,0.9166666666666666,-0.48514753580093384,0.9559239583333382
BIPIA,0.13166666666666665,0.9166666666666666,-0.4839436411857605,0.9559239583333382
BIPIA,0.1325,0.9166666666666666,-0.47790271043777466,0.9559239583333382
BIPIA,0.1325,0.9175,-0.47720426321029663,0.9559239583333382
BIPIA,0.13333333333333333,0.9175,-0.47617119550704956,0.9559239583333382
BIPIA,0.13416666666666666,0.9175,-0.4739139676094055,0.9559239583333382
BIPIA,0.135,0.9175,-0.47389066219329834,0.9559239583333382
BIPIA,0.13583333333333333,0.9175,-0.47296804189682007,0.9559239583333382
BIPIA,0.13583333333333333,0.9183333333333333,-0.47208482027053833,0.9559239583333382
BIPIA,0.13583333333333333,0.9191666666666667,-0.4719969630241394,0.9559239583333382
BIPIA,0.13666666666666666,0.9191666666666667,-0.46912527084350586,0.9559239583333382
BIPIA,0.13666666666666666,0.92,-0.46638137102127075,0.9559239583333382
BIPIA,0.13666666666666666,0.9208333333333333,-0.46398109197616577,0.9559239583333382
BIPIA,0.13666666666666666,0.9216666666666666,-0.46245694160461426,0.9559239583333382
BIPIA,0.1375,0.9216666666666666,-0.4608290195465088,0.9559239583333382
BIPIA,0.13833333333333334,0.9216666666666666,-0.4558754563331604,0.9559239583333382
BIPIA,0.13916666666666666,0.9216666666666666,-0.45288747549057007,0.9559239583333382
BIPIA,0.14,0.9216666666666666,-0.45275264978408813,0.9559239583333382
BIPIA,0.14083333333333334,0.9216666666666666,-0.4518612027168274,0.9559239583333382
BIPIA,0.14083333333333334,0.9225,-0.45032376050949097,0.9559239583333382
BIPIA,0.14083333333333334,0.9233333333333333,-0.4498130679130554,0.9559239583333382
BIPIA,0.14166666666666666,0.9233333333333333,-0.44912880659103394,0.9559239583333382
BIPIA,0.1425,0.9233333333333333,-0.44903630018234253,0.9559239583333382
BIPIA,0.1425,0.9241666666666667,-0.44801944494247437,0.9559239583333382
BIPIA,0.14333333333333334,0.925,-0.4445645213127136,0.9559239583333382
BIPIA,0.14333333333333334,0.9258333333333333,-0.4443855881690979,0.9559239583333382
BIPIA,0.14416666666666667,0.9258333333333333,-0.4438003897666931,0.9559239583333382
BIPIA,0.145,0.9258333333333333,-0.4421592950820923,0.9559239583333382
BIPIA,0.14583333333333334,0.9258333333333333,-0.4410986304283142,0.9559239583333382
BIPIA,0.14666666666666667,0.9258333333333333,-0.44081634283065796,0.9559239583333382
BIPIA,0.1475,0.9258333333333333,-0.43903928995132446,0.9559239583333382
BIPIA,0.14833333333333334,0.9266666666666666,-0.43746477365493774,0.9559239583333382
BIPIA,0.14916666666666667,0.9266666666666666,-0.43377089500427246,0.9559239583333382
BIPIA,0.14916666666666667,0.9275,-0.43348532915115356,0.9559239583333382
BIPIA,0.15,0.9275,-0.43194109201431274,0.9559239583333382
BIPIA,0.15083333333333335,0.9275,-0.4314333200454712,0.9559239583333382
BIPIA,0.15166666666666667,0.9283333333333333,-0.42906302213668823,0.9559239583333382
BIPIA,0.1525,0.9283333333333333,-0.4288250803947449,0.9559239583333382
BIPIA,0.15333333333333332,0.9283333333333333,-0.42800140380859375,0.9559239583333382
BIPIA,0.15416666666666667,0.9283333333333333,-0.4235420823097229,0.9559239583333382
BIPIA,0.155,0.9291666666666667,-0.42290258407592773,0.9559239583333382
BIPIA,0.15583333333333332,0.9291666666666667,-0.42109400033950806,0.9559239583333382
BIPIA,0.15666666666666668,0.9291666666666667,-0.4188726544380188,0.9559239583333382
BIPIA,0.15666666666666668,0.93,-0.4186645746231079,0.9559239583333382
BIPIA,0.1575,0.93,-0.41836774349212646,0.9559239583333382
BIPIA,0.15833333333333333,0.93,-0.41819244623184204,0.9559239583333382
BIPIA,0.15916666666666668,0.93,-0.41770946979522705,0.9559239583333382
BIPIA,0.16,0.93,-0.4136362671852112,0.9559239583333382
BIPIA,0.16,0.9308333333333333,-0.4124431610107422,0.9559239583333382
BIPIA,0.16083333333333333,0.9308333333333333,-0.41107314825057983,0.9559239583333382
BIPIA,0.16083333333333333,0.9316666666666666,-0.4095684289932251,0.9559239583333382
BIPIA,0.16083333333333333,0.9325,-0.4092777371406555,0.9559239583333382
BIPIA,0.16083333333333333,0.9333333333333333,-0.40748023986816406,0.9559239583333382
BIPIA,0.16166666666666665,0.9333333333333333,-0.4072534143924713,0.9559239583333382
BIPIA,0.16166666666666665,0.9341666666666667,-0.40652191638946533,0.9559239583333382
BIPIA,0.1625,0.9341666666666667,-0.4057047963142395,0.9559239583333382
BIPIA,0.16333333333333333,0.9341666666666667,-0.4043603241443634,0.9559239583333382
BIPIA,0.16416666666666666,0.9341666666666667,-0.4036434292793274,0.9559239583333382
BIPIA,0.165,0.9341666666666667,-0.4002400040626526,0.9559239583333382
BIPIA,0.16583333333333333,0.9341666666666667,-0.3998868465423584,0.9559239583333382
BIPIA,0.16666666666666666,0.9341666666666667,-0.3991433382034302,0.9559239583333382
BIPIA,0.1675,0.9341666666666667,-0.3989540934562683,0.9559239583333382
BIPIA,0.16833333333333333,0.9341666666666667,-0.3943527340888977,0.9559239583333382
BIPIA,0.16916666666666666,0.9341666666666667,-0.393787682056427,0.9559239583333382
BIPIA,0.16916666666666666,0.935,-0.39350593090057373,0.9559239583333382
BIPIA,0.16916666666666666,0.9358333333333333,-0.392635315656662,0.9559239583333382
BIPIA,0.17,0.9358333333333333,-0.39228153228759766,0.9559239583333382
BIPIA,0.17083333333333334,0.9358333333333333,-0.38878414034843445,0.9559239583333382
BIPIA,0.17083333333333334,0.9366666666666666,-0.38815152645111084,0.9559239583333382
BIPIA,0.17166666666666666,0.9366666666666666,-0.3860930800437927,0.9559239583333382
BIPIA,0.1725,0.9375,-0.3843931257724762,0.9559239583333382
BIPIA,0.17333333333333334,0.9375,-0.3838878273963928,0.9559239583333382
BIPIA,0.17416666666666666,0.9375,-0.3822473883628845,0.9559239583333382
BIPIA,0.175,0.9375,-0.3809182047843933,0.9559239583333382
BIPIA,0.17583333333333334,0.9375,-0.3786989152431488,0.9559239583333382
BIPIA,0.17666666666666667,0.9375,-0.37675487995147705,0.9559239583333382
BIPIA,0.1775,0.9375,-0.3762983977794647,0.9559239583333382
BIPIA,0.1775,0.9383333333333334,-0.3756294846534729,0.9559239583333382
BIPIA,0.17833333333333334,0.9383333333333334,-0.37376511096954346,0.9559239583333382
BIPIA,0.17916666666666667,0.9383333333333334,-0.37304648756980896,0.9559239583333382
BIPIA,0.17916666666666667,0.9391666666666667,-0.3724084198474884,0.9559239583333382
BIPIA,0.18,0.9391666666666667,-0.370219886302948,0.9559239583333382
BIPIA,0.18083333333333335,0.9391666666666667,-0.37008780241012573,0.9559239583333382
BIPIA,0.18166666666666667,0.94,-0.3697050213813782,0.9559239583333382
BIPIA,0.1825,0.94,-0.36649155616760254,0.9559239583333382
BIPIA,0.18333333333333332,0.94,-0.36466431617736816,0.9559239583333382
BIPIA,0.18416666666666667,0.94,-0.3627238869667053,0.9559239583333382
BIPIA,0.185,0.94,-0.36262616515159607,0.9559239583333382
BIPIA,0.18583333333333332,0.94,-0.3607765734195709,0.9559239583333382
BIPIA,0.18666666666666668,0.94,-0.3593767285346985,0.9559239583333382
BIPIA,0.1875,0.94,-0.35835978388786316,0.9559239583333382
BIPIA,0.18833333333333332,0.94,-0.35812637209892273,0.9559239583333382
BIPIA,0.18916666666666668,0.94,-0.35411301255226135,0.9559239583333382
BIPIA,0.19,0.94,-0.35352498292922974,0.9559239583333382
BIPIA,0.19,0.9408333333333333,-0.353515088558197,0.9559239583333382
BIPIA,0.19083333333333333,0.9408333333333333,-0.3502642512321472,0.9559239583333382
BIPIA,0.19166666666666668,0.9408333333333333,-0.3485000729560852,0.9559239583333382
BIPIA,0.1925,0.9408333333333333,-0.3484184443950653,0.9559239583333382
BIPIA,0.1925,0.9416666666666667,-0.345333069562912,0.9559239583333382
BIPIA,0.19333333333333333,0.9416666666666667,-0.34137463569641113,0.9559239583333382
BIPIA,0.19333333333333333,0.9425,-0.3412587642669678,0.9559239583333382
BIPIA,0.19333333333333333,0.9433333333333334,-0.337826132774353,0.9559239583333382
BIPIA,0.19333333333333333,0.9441666666666667,-0.3366093933582306,0.9559239583333382
BIPIA,0.19416666666666665,0.9441666666666667,-0.3364097476005554,0.9559239583333382
BIPIA,0.195,0.9441666666666667,-0.336192786693573,0.9559239583333382
BIPIA,0.19583333333333333,0.9441666666666667,-0.3355846703052521,0.9559239583333382
BIPIA,0.19666666666666666,0.9441666666666667,-0.33517080545425415,0.9559239583333382
BIPIA,0.1975,0.9441666666666667,-0.3332795798778534,0.9559239583333382
BIPIA,0.1975,0.945,-0.32935386896133423,0.9559239583333382
BIPIA,0.19833333333333333,0.945,-0.3285306990146637,0.9559239583333382
BIPIA,0.19916666666666666,0.945,-0.3277221918106079,0.9559239583333382
BIPIA,0.2,0.945,-0.327690064907074,0.9559239583333382
BIPIA,0.20083333333333334,0.945,-0.32729655504226685,0.9559239583333382
BIPIA,0.20166666666666666,0.9458333333333333,-0.32413747906684875,0.9559239583333382
BIPIA,0.2025,0.9458333333333333,-0.32127615809440613,0.9559239583333382
BIPIA,0.20333333333333334,0.9458333333333333,-0.3207635283470154,0.9559239583333382
BIPIA,0.20416666666666666,0.9458333333333333,-0.3198762536048889,0.9559239583333382
BIPIA,0.205,0.9458333333333333,-0.31967678666114807,0.9559239583333382
BIPIA,0.20583333333333334,0.9458333333333333,-0.3181356191635132,0.9559239583333382
BIPIA,0.20666666666666667,0.9458333333333333,-0.31647032499313354,0.9559239583333382
BIPIA,0.2075,0.9458333333333333,-0.3150770366191864,0.9559239583333382
BIPIA,0.20833333333333334,0.9458333333333333,-0.3148844540119171,0.9559239583333382
BIPIA,0.20916666666666667,0.9458333333333333,-0.3140891194343567,0.9559239583333382
BIPIA,0.21,0.9458333333333333,-0.3121577203273773,0.9559239583333382
BIPIA,0.21,0.9466666666666667,-0.3116387128829956,0.9559239583333382
BIPIA,0.21083333333333334,0.9466666666666667,-0.30991828441619873,0.9559239583333382
BIPIA,0.21166666666666667,0.9466666666666667,-0.30968332290649414,0.9559239583333382
BIPIA,0.2125,0.9466666666666667,-0.3025016784667969,0.9559239583333382
BIPIA,0.2125,0.9475,-0.300504207611084,0.9559239583333382
BIPIA,0.21333333333333335,0.9475,-0.30044347047805786,0.9559239583333382
BIPIA,0.21333333333333335,0.9483333333333334,-0.2996177673339844,0.9559239583333382
BIPIA,0.21416666666666667,0.9483333333333334,-0.2955951988697052,0.9559239583333382
BIPIA,0.21416666666666667,0.9491666666666667,-0.2933335304260254,0.9559239583333382
BIPIA,0.21416666666666667,0.95,-0.2932971715927124,0.9559239583333382
BIPIA,0.215,0.95,-0.2930649518966675,0.9559239583333382
BIPIA,0.21583333333333332,0.95,-0.2908608913421631,0.9559239583333382
BIPIA,0.21666666666666667,0.95,-0.28881773352622986,0.9559239583333382
BIPIA,0.2175,0.95,-0.2838115692138672,0.9559239583333382
BIPIA,0.21833333333333332,0.95,-0.27858489751815796,0.9559239583333382
BIPIA,0.21833333333333332,0.9508333333333333,-0.27586472034454346,0.9559239583333382
BIPIA,0.21916666666666668,0.9508333333333333,-0.27250245213508606,0.9559239583333382
BIPIA,0.22,0.9508333333333333,-0.26978087425231934,0.9559239583333382
BIPIA,0.22083333333333333,0.9508333333333333,-0.26752352714538574,0.9559239583333382
BIPIA,0.22083333333333333,0.9516666666666667,-0.2674207091331482,0.9559239583333382
BIPIA,0.22083333333333333,0.9525,-0.26437118649482727,0.9559239583333382
BIPIA,0.22166666666666668,0.9525,-0.2642780542373657,0.9559239583333382
BIPIA,0.2225,0.9525,-0.26151829957962036,0.9559239583333382
BIPIA,0.22333333333333333,0.9525,-0.2562616467475891,0.9559239583333382
BIPIA,0.22416666666666665,0.9525,-0.25430169701576233,0.9559239583333382
BIPIA,0.225,0.9525,-0.2526322305202484,0.9559239583333382
BIPIA,0.22583333333333333,0.9525,-0.25241559743881226,0.9559239583333382
BIPIA,0.22583333333333333,0.9533333333333334,-0.2513289153575897,0.9559239583333382
BIPIA,0.22666666666666666,0.9533333333333334,-0.2509264051914215,0.9559239583333382
BIPIA,0.2275,0.9533333333333334,-0.24898844957351685,0.9559239583333382
BIPIA,0.22833333333333333,0.9533333333333334,-0.24871021509170532,0.9559239583333382
BIPIA,0.22916666666666666,0.9533333333333334,-0.24786898493766785,0.9559239583333382
BIPIA,0.23,0.9533333333333334,-0.24608555436134338,0.9559239583333382
BIPIA,0.23,0.9541666666666667,-0.24329662322998047,0.9559239583333382
BIPIA,0.23,0.955,-0.2428930401802063,0.9559239583333382
BIPIA,0.23083333333333333,0.955,-0.2419169545173645,0.9559239583333382
BIPIA,0.23166666666666666,0.955,-0.2418907880783081,0.9559239583333382
BIPIA,0.2325,0.955,-0.2415008544921875,0.9559239583333382
BIPIA,0.23333333333333334,0.955,-0.239141583442688,0.9559239583333382
BIPIA,0.23416666666666666,0.955,-0.23894977569580078,0.9559239583333382
BIPIA,0.235,0.955,-0.23865383863449097,0.9559239583333382
BIPIA,0.23583333333333334,0.9558333333333333,-0.23585325479507446,0.9559239583333382
BIPIA,0.23666666666666666,0.9558333333333333,-0.23482340574264526,0.9559239583333382
BIPIA,0.2375,0.9558333333333333,-0.23233264684677124,0.9559239583333382
BIPIA,0.23833333333333334,0.9558333333333333,-0.23184949159622192,0.9559239583333382
BIPIA,0.23833333333333334,0.9566666666666667,-0.23131781816482544,0.9559239583333382
BIPIA,0.23916666666666667,0.9566666666666667,-0.2262343466281891,0.9559239583333382
BIPIA,0.24,0.9566666666666667,-0.2241390347480774,0.9559239583333382
BIPIA,0.24,0.9575,-0.22380459308624268,0.9559239583333382
BIPIA,0.24083333333333334,0.9575,-0.21889087557792664,0.9559239583333382
BIPIA,0.24166666666666667,0.9575,-0.2169957160949707,0.9559239583333382
BIPIA,0.24166666666666667,0.9583333333333334,-0.21576344966888428,0.9559239583333382
BIPIA,0.2425,0.9583333333333334,-0.21357667446136475,0.9559239583333382
BIPIA,0.24333333333333335,0.9583333333333334,-0.21303489804267883,0.9559239583333382
BIPIA,0.24416666666666667,0.9583333333333334,-0.2126319706439972,0.9559239583333382
BIPIA,0.245,0.9583333333333334,-0.2111625373363495,0.9559239583333382
BIPIA,0.245,0.9591666666666666,-0.2096153199672699,0.9559239583333382
BIPIA,0.24583333333333332,0.9591666666666666,-0.20830267667770386,0.9559239583333382
BIPIA,0.24666666666666667,0.9591666666666666,-0.2081184685230255,0.9559239583333382
BIPIA,0.2475,0.9591666666666666,-0.20633333921432495,0.9559239583333382
BIPIA,0.24833333333333332,0.9591666666666666,-0.2058883011341095,0.9559239583333382
BIPIA,0.24916666666666668,0.9591666666666666,-0.20430511236190796,0.9559239583333382
BIPIA,0.25,0.9591666666666666,-0.2010764479637146,0.9559239583333382
BIPIA,0.25083333333333335,0.9591666666666666,-0.20076853036880493,0.9559239583333382
BIPIA,0.25166666666666665,0.9591666666666666,-0.20001274347305298,0.9559239583333382
BIPIA,0.25166666666666665,0.96,-0.1994858980178833,0.9559239583333382
BIPIA,0.2525,0.96,-0.19715631008148193,0.9559239583333382
BIPIA,0.2525,0.9608333333333333,-0.1945609450340271,0.9559239583333382
BIPIA,0.25333333333333335,0.9608333333333333,-0.19351762533187866,0.9559239583333382
BIPIA,0.25416666666666665,0.9608333333333333,-0.1925429105758667,0.9559239583333382
BIPIA,0.25416666666666665,0.9616666666666667,-0.19154876470565796,0.9559239583333382
BIPIA,0.255,0.9616666666666667,-0.18925094604492188,0.9559239583333382
BIPIA,0.255,0.9625,-0.1877869963645935,0.9559239583333382
BIPIA,0.25583333333333336,0.9625,-0.187183678150177,0.9559239583333382
BIPIA,0.25666666666666665,0.9625,-0.18495994806289673,0.9559239583333382
BIPIA,0.2575,0.9625,-0.18425193428993225,0.9559239583333382
BIPIA,0.25833333333333336,0.9625,-0.18254750967025757,0.9559239583333382
BIPIA,0.25916666666666666,0.9625,-0.1823611557483673,0.9559239583333382
BIPIA,0.26,0.9633333333333334,-0.18214911222457886,0.9559239583333382
BIPIA,0.2608333333333333,0.9633333333333334,-0.18211469054222107,0.9559239583333382
BIPIA,0.26166666666666666,0.9633333333333334,-0.1806657314300537,0.9559239583333382
BIPIA,0.2625,0.9633333333333334,-0.1787710189819336,0.9559239583333382
BIPIA,0.2633333333333333,0.9633333333333334,-0.17806434631347656,0.9559239583333382
BIPIA,0.26416666666666666,0.9633333333333334,-0.17610669136047363,0.9559239583333382
BIPIA,0.265,0.9633333333333334,-0.1751895248889923,0.9559239583333382
BIPIA,0.2658333333333333,0.9633333333333334,-0.17419126629829407,0.9559239583333382
BIPIA,0.26666666666666666,0.9633333333333334,-0.17345738410949707,0.9559239583333382
BIPIA,0.2675,0.9633333333333334,-0.1730881929397583,0.9559239583333382
BIPIA,0.2683333333333333,0.9633333333333334,-0.17266574501991272,0.9559239583333382
BIPIA,0.26916666666666667,0.9633333333333334,-0.1719382107257843,0.9559239583333382
BIPIA,0.27,0.9633333333333334,-0.17086383700370789,0.9559239583333382
BIPIA,0.2708333333333333,0.9633333333333334,-0.1696527600288391,0.9559239583333382
BIPIA,0.2708333333333333,0.9641666666666666,-0.16959571838378906,0.9559239583333382
BIPIA,0.27166666666666667,0.9641666666666666,-0.16906672716140747,0.9559239583333382
BIPIA,0.2725,0.9641666666666666,-0.1686725616455078,0.9559239583333382
BIPIA,0.2733333333333333,0.965,-0.1675618290901184,0.9559239583333382
BIPIA,0.27416666666666667,0.965,-0.16717272996902466,0.9559239583333382
BIPIA,0.275,0.965,-0.16428059339523315,0.9559239583333382
BIPIA,0.2758333333333333,0.965,-0.1627756953239441,0.9559239583333382
BIPIA,0.27666666666666667,0.965,-0.16245436668395996,0.9559239583333382
BIPIA,0.2775,0.965,-0.16145950555801392,0.9559239583333382
BIPIA,0.2783333333333333,0.965,-0.1613704264163971,0.9559239583333382
BIPIA,0.2791666666666667,0.965,-0.16084128618240356,0.9559239583333382
BIPIA,0.28,0.965,-0.16069409251213074,0.9559239583333382
BIPIA,0.28,0.9658333333333333,-0.16047674417495728,0.9559239583333382
BIPIA,0.2808333333333333,0.9666666666666667,-0.15995126962661743,0.9559239583333382
BIPIA,0.2816666666666667,0.9666666666666667,-0.15825748443603516,0.9559239583333382
BIPIA,0.2825,0.9675,-0.15660783648490906,0.9559239583333382
BIPIA,0.2833333333333333,0.9675,-0.15450656414031982,0.9559239583333382
BIPIA,0.2833333333333333,0.9683333333333334,-0.15373268723487854,0.9559239583333382
BIPIA,0.2841666666666667,0.9683333333333334,-0.15195798873901367,0.9559239583333382
BIPIA,0.285,0.9683333333333334,-0.15189266204833984,0.9559239583333382
BIPIA,0.28583333333333333,0.9683333333333334,-0.15072479844093323,0.9559239583333382
BIPIA,0.2866666666666667,0.9683333333333334,-0.15063375234603882,0.9559239583333382
BIPIA,0.2866666666666667,0.9691666666666666,-0.15051481127738953,0.9559239583333382
BIPIA,0.2866666666666667,0.97,-0.14797338843345642,0.9559239583333382
BIPIA,0.2875,0.9708333333333333,-0.14242038130760193,0.9559239583333382
BIPIA,0.28833333333333333,0.9708333333333333,-0.1421232521533966,0.9559239583333382
BIPIA,0.2891666666666667,0.9708333333333333,-0.14174839854240417,0.9559239583333382
BIPIA,0.29,0.9708333333333333,-0.1354070007801056,0.9559239583333382
BIPIA,0.29083333333333333,0.9708333333333333,-0.13475197553634644,0.9559239583333382
BIPIA,0.2916666666666667,0.9716666666666667,-0.1333768367767334,0.9559239583333382
BIPIA,0.2925,0.9716666666666667,-0.13330435752868652,0.9559239583333382
BIPIA,0.29333333333333333,0.9716666666666667,-0.13159623742103577,0.9559239583333382
BIPIA,0.2941666666666667,0.9716666666666667,-0.13084957003593445,0.9559239583333382
BIPIA,0.295,0.9716666666666667,-0.12981107831001282,0.9559239583333382
BIPIA,0.29583333333333334,0.9716666666666667,-0.12942597270011902,0.9559239583333382
BIPIA,0.29583333333333334,0.9725,-0.1291673183441162,0.9559239583333382
BIPIA,0.2966666666666667,0.9725,-0.12747296690940857,0.9559239583333382
BIPIA,0.2975,0.9725,-0.1239340677857399,0.9559239583333382
BIPIA,0.2975,0.9733333333333334,-0.1222236379981041,0.9559239583333382
BIPIA,0.2975,0.9741666666666666,-0.12105075269937515,0.9559239583333382
BIPIA,0.2975,0.975,-0.12060565501451492,0.9559239583333382
BIPIA,0.29833333333333334,0.975,-0.11967960745096207,0.9559239583333382
BIPIA,0.2991666666666667,0.975,-0.11966181546449661,0.9559239583333382
BIPIA,0.3,0.975,-0.11722467094659805,0.9559239583333382
BIPIA,0.30083333333333334,0.975,-0.11549637466669083,0.9559239583333382
BIPIA,0.3016666666666667,0.975,-0.11467050760984421,0.9559239583333382
BIPIA,0.3025,0.975,-0.11078160256147385,0.9559239583333382
BIPIA,0.30333333333333334,0.975,-0.1048579141497612,0.9559239583333382
BIPIA,0.30416666666666664,0.975,-0.10342661291360855,0.9559239583333382
BIPIA,0.305,0.975,-0.10218236595392227,0.9559239583333382
BIPIA,0.30583333333333335,0.975,-0.09986001998186111,0.9559239583333382
BIPIA,0.30666666666666664,0.975,-0.09963200241327286,0.9559239583333382
BIPIA,0.3075,0.975,-0.099280945956707,0.9559239583333382
BIPIA,0.30833333333333335,0.975,-0.09922943264245987,0.9559239583333382
BIPIA,0.30916666666666665,0.975,-0.09888250380754471,0.9559239583333382
BIPIA,0.30916666666666665,0.9758333333333333,-0.0948471799492836,0.9559239583333382
BIPIA,0.31,0.9758333333333333,-0.09401310235261917,0.9559239583333382
BIPIA,0.31083333333333335,0.9758333333333333,-0.09323158115148544,0.9559239583333382
BIPIA,0.31083333333333335,0.9766666666666667,-0.0917087271809578,0.9559239583333382
BIPIA,0.31166666666666665,0.9766666666666667,-0.0870361402630806,0.9559239583333382
BIPIA,0.3125,0.9766666666666667,-0.08206213265657425,0.9559239583333382
BIPIA,0.31333333333333335,0.9766666666666667,-0.08193907886743546,0.9559239583333382
BIPIA,0.31416666666666665,0.9766666666666667,-0.08140600472688675,0.9559239583333382
BIPIA,0.315,0.9766666666666667,-0.08039534837007523,0.9559239583333382
BIPIA,0.31583333333333335,0.9766666666666667,-0.078175850212574,0.9559239583333382
BIPIA,0.31583333333333335,0.9775,-0.07663900405168533,0.9559239583333382
BIPIA,0.31666666666666665,0.9775,-0.07648580521345139,0.9559239583333382
BIPIA,0.3175,0.9775,-0.0739690288901329,0.9559239583333382
BIPIA,0.31833333333333336,0.9775,-0.0719028189778328,0.9559239583333382
BIPIA,0.31916666666666665,0.9775,-0.07151859253644943,0.9559239583333382
BIPIA,0.32,0.9775,-0.07127013057470322,0.9559239583333382
BIPIA,0.32,0.9783333333333334,-0.0696953609585762,0.9559239583333382
BIPIA,0.32083333333333336,0.9783333333333334,-0.06765402108430862,0.9559239583333382
BIPIA,0.32166666666666666,0.9783333333333334,-0.06705019623041153,0.9559239583333382
BIPIA,0.3225,0.9783333333333334,-0.06704569607973099,0.9559239583333382
BIPIA,0.3233333333333333,0.9783333333333334,-0.06607086211442947,0.9559239583333382
BIPIA,0.32416666666666666,0.9783333333333334,-0.06425593048334122,0.9559239583333382
BIPIA,0.325,0.9783333333333334,-0.06411466747522354,0.9559239583333382
BIPIA,0.325,0.9791666666666666,-0.06254409998655319,0.9559239583333382
BIPIA,0.3258333333333333,0.9791666666666666,-0.06222889572381973,0.9559239583333382
BIPIA,0.32666666666666666,0.9791666666666666,-0.059750862419605255,0.9559239583333382
BIPIA,0.3275,0.9791666666666666,-0.059408776462078094,0.9559239583333382
BIPIA,0.3283333333333333,0.9791666666666666,-0.05935097485780716,0.9559239583333382
BIPIA,0.32916666666666666,0.9791666666666666,-0.05844680219888687,0.9559239583333382
BIPIA,0.33,0.9791666666666666,-0.05826199799776077,0.9559239583333382
BIPIA,0.3308333333333333,0.9791666666666666,-0.05732635408639908,0.9559239583333382
BIPIA,0.33166666666666667,0.9791666666666666,-0.05729854851961136,0.9559239583333382
BIPIA,0.3325,0.9791666666666666,-0.051911838352680206,0.9559239583333382
BIPIA,0.3333333333333333,0.9791666666666666,-0.05131375044584274,0.9559239583333382
BIPIA,0.33416666666666667,0.9791666666666666,-0.05111332982778549,0.9559239583333382
BIPIA,0.335,0.9791666666666666,-0.05044866353273392,0.9559239583333382
BIPIA,0.3358333333333333,0.9791666666666666,-0.05030529946088791,0.9559239583333382
BIPIA,0.33666666666666667,0.9791666666666666,-0.04831895977258682,0.9559239583333382
BIPIA,0.3375,0.9791666666666666,-0.045481838285923004,0.9559239583333382
BIPIA,0.3383333333333333,0.9791666666666666,-0.044473566114902496,0.9559239583333382
BIPIA,0.33916666666666667,0.9791666666666666,-0.043767817318439484,0.9559239583333382
BIPIA,0.34,0.9791666666666666,-0.042649127542972565,0.9559239583333382
BIPIA,0.3408333333333333,0.9791666666666666,-0.040937550365924835,0.9559239583333382
BIPIA,0.3416666666666667,0.9791666666666666,-0.039497263729572296,0.9559239583333382
BIPIA,0.3416666666666667,0.98,-0.03619042783975601,0.9559239583333382
BIPIA,0.3425,0.98,-0.03537318855524063,0.9559239583333382
BIPIA,0.3433333333333333,0.98,-0.0341588631272316,0.9559239583333382
BIPIA,0.3441666666666667,0.98,-0.032813794910907745,0.9559239583333382
BIPIA,0.345,0.98,-0.0327330008149147,0.9559239583333382
BIPIA,0.3458333333333333,0.98,-0.030114494264125824,0.9559239583333382
BIPIA,0.3466666666666667,0.98,-0.027579881250858307,0.9559239583333382
BIPIA,0.3475,0.98,-0.02710593491792679,0.9559239583333382
BIPIA,0.34833333333333333,0.98,-0.02575255185365677,0.9559239583333382
BIPIA,0.3491666666666667,0.98,-0.02569562941789627,0.9559239583333382
BIPIA,0.35,0.98,-0.02556844800710678,0.9559239583333382
BIPIA,0.35083333333333333,0.98,-0.024843014776706696,0.9559239583333382
BIPIA,0.3516666666666667,0.98,-0.02239999920129776,0.9559239583333382
BIPIA,0.3525,0.98,-0.021020956337451935,0.9559239583333382
BIPIA,0.35333333333333333,0.98,-0.020792074501514435,0.9559239583333382
BIPIA,0.35333333333333333,0.9808333333333333,-0.019673772156238556,0.9559239583333382
BIPIA,0.35333333333333333,0.9816666666666667,-0.01401510089635849,0.9559239583333382
BIPIA,0.3541666666666667,0.9816666666666667,-0.012027598917484283,0.9559239583333382
BIPIA,0.355,0.9816666666666667,-0.011420927941799164,0.9559239583333382
BIPIA,0.35583333333333333,0.9816666666666667,-0.010997690260410309,0.9559239583333382
BIPIA,0.3566666666666667,0.9816666666666667,-0.010746397078037262,0.9559239583333382
BIPIA,0.3575,0.9816666666666667,-0.009958125650882721,0.9559239583333382
BIPIA,0.35833333333333334,0.9816666666666667,-0.009467191994190216,0.9559239583333382
BIPIA,0.3591666666666667,0.9816666666666667,-0.00920308381319046,0.9559239583333382
BIPIA,0.36,0.9816666666666667,-0.007652886211872101,0.9559239583333382
BIPIA,0.36083333333333334,0.9816666666666667,-0.0043921396136283875,0.9559239583333382
BIPIA,0.3616666666666667,0.9816666666666667,-0.0035497620701789856,0.9559239583333382
BIPIA,0.3625,0.9816666666666667,-0.0016835108399391174,0.9559239583333382
BIPIA,0.36333333333333334,0.9816666666666667,-0.0011825039982795715,0.9559239583333382
BIPIA,0.3641666666666667,0.9816666666666667,0.0002471134066581726,0.9559239583333382
BIPIA,0.365,0.9816666666666667,0.0009533986449241638,0.9559239583333382
BIPIA,0.36583333333333334,0.9816666666666667,0.0016284510493278503,0.9559239583333382
BIPIA,0.36666666666666664,0.9816666666666667,0.003222845494747162,0.9559239583333382
BIPIA,0.3675,0.9816666666666667,0.0054107531905174255,0.9559239583333382
BIPIA,0.36833333333333335,0.9816666666666667,0.005957059562206268,0.9559239583333382
BIPIA,0.36916666666666664,0.9816666666666667,0.006385914981365204,0.9559239583333382
BIPIA,0.37,0.9816666666666667,0.008782915771007538,0.9559239583333382
BIPIA,0.37083333333333335,0.9816666666666667,0.010174840688705444,0.9559239583333382
BIPIA,0.37166666666666665,0.9816666666666667,0.0106939896941185,0.9559239583333382
BIPIA,0.3725,0.9816666666666667,0.011804156005382538,0.9559239583333382
BIPIA,0.37333333333333335,0.9816666666666667,0.011822469532489777,0.9559239583333382
BIPIA,0.37416666666666665,0.9816666666666667,0.01352650672197342,0.9559239583333382
BIPIA,0.375,0.9816666666666667,0.015003316104412079,0.9559239583333382
BIPIA,0.37583333333333335,0.9816666666666667,0.01729542762041092,0.9559239583333382
BIPIA,0.37666666666666665,0.9816666666666667,0.01947825402021408,0.9559239583333382
BIPIA,0.3775,0.9816666666666667,0.020381934940814972,0.9559239583333382
BIPIA,0.37833333333333335,0.9816666666666667,0.020642481744289398,0.9559239583333382
BIPIA,0.37916666666666665,0.9816666666666667,0.024646572768688202,0.9559239583333382
BIPIA,0.38,0.9816666666666667,0.026387706398963928,0.9559239583333382
BIPIA,0.38083333333333336,0.9816666666666667,0.026802055537700653,0.9559239583333382
BIPIA,0.38166666666666665,0.9816666666666667,0.026802368462085724,0.9559239583333382
BIPIA,0.3825,0.9816666666666667,0.029560133814811707,0.9559239583333382
BIPIA,0.38333333333333336,0.9816666666666667,0.030546847730875015,0.9559239583333382
BIPIA,0.38416666666666666,0.9816666666666667,0.031423382461071014,0.9559239583333382
BIPIA,0.385,0.9816666666666667,0.03290390223264694,0.9559239583333382
BIPIA,0.3858333333333333,0.9816666666666667,0.03353073447942734,0.9559239583333382
BIPIA,0.38666666666666666,0.9816666666666667,0.03428473323583603,0.9559239583333382
BIPIA,0.3875,0.9816666666666667,0.03482972830533981,0.9559239583333382
BIPIA,0.3883333333333333,0.9816666666666667,0.035513974726200104,0.9559239583333382
BIPIA,0.38916666666666666,0.9816666666666667,0.03766962140798569,0.9559239583333382
BIPIA,0.39,0.9816666666666667,0.03977852314710617,0.9559239583333382
BIPIA,0.3908333333333333,0.9816666666666667,0.03990437835454941,0.9559239583333382
BIPIA,0.39166666666666666,0.9816666666666667,0.0412820503115654,0.9559239583333382
BIPIA,0.3925,0.9816666666666667,0.042160503566265106,0.9559239583333382
BIPIA,0.3933333333333333,0.9816666666666667,0.04454588145017624,0.9559239583333382
BIPIA,0.39416666666666667,0.9816666666666667,0.04545003920793533,0.9559239583333382
BIPIA,0.395,0.9816666666666667,0.04601793736219406,0.9559239583333382
BIPIA,0.3958333333333333,0.9816666666666667,0.04681798070669174,0.9559239583333382
BIPIA,0.39666666666666667,0.9816666666666667,0.0501764640212059,0.9559239583333382
BIPIA,0.3975,0.9816666666666667,0.05195798724889755,0.9559239583333382
BIPIA,0.3983333333333333,0.9816666666666667,0.05419617146253586,0.9559239583333382
BIPIA,0.39916666666666667,0.9816666666666667,0.05556248873472214,0.9559239583333382
BIPIA,0.4,0.9816666666666667,0.05617367476224899,0.9559239583333382
BIPIA,0.4008333333333333,0.9816666666666667,0.05776076763868332,0.9559239583333382
BIPIA,0.40166666666666667,0.9816666666666667,0.05836218595504761,0.9559239583333382
BIPIA,0.4025,0.9816666666666667,0.0600360706448555,0.9559239583333382
BIPIA,0.4033333333333333,0.9816666666666667,0.062328942120075226,0.9559239583333382
BIPIA,0.4041666666666667,0.9816666666666667,0.06235606223344803,0.9559239583333382
BIPIA,0.4041666666666667,0.9825,0.06428854912519455,0.9559239583333382
BIPIA,0.405,0.9825,0.0648408755660057,0.9559239583333382
BIPIA,0.4058333333333333,0.9825,0.06535322219133377,0.9559239583333382
BIPIA,0.4066666666666667,0.9825,0.06891347467899323,0.9559239583333382
BIPIA,0.4075,0.9825,0.06898738443851471,0.9559239583333382
BIPIA,0.4083333333333333,0.9825,0.06985347718000412,0.9559239583333382
BIPIA,0.4091666666666667,0.9825,0.07035123556852341,0.9559239583333382
BIPIA,0.41,0.9825,0.07082479447126389,0.9559239583333382
BIPIA,0.41083333333333333,0.9825,0.07371556013822556,0.9559239583333382
BIPIA,0.4116666666666667,0.9825,0.0746910497546196,0.9559239583333382
BIPIA,0.4125,0.9825,0.07548528164625168,0.9559239583333382
BIPIA,0.41333333333333333,0.9825,0.07643013447523117,0.9559239583333382
BIPIA,0.4141666666666667,0.9825,0.07677827030420303,0.9559239583333382
BIPIA,0.415,0.9825,0.07824834436178207,0.9559239583333382
BIPIA,0.41583333333333333,0.9825,0.08277270942926407,0.9559239583333382
BIPIA,0.4166666666666667,0.9825,0.08431418985128403,0.9559239583333382
BIPIA,0.4175,0.9825,0.08533265441656113,0.9559239583333382
BIPIA,0.41833333333333333,0.9825,0.08920405060052872,0.9559239583333382
BIPIA,0.4191666666666667,0.9825,0.0892169401049614,0.9559239583333382
BIPIA,0.4191666666666667,0.9833333333333333,0.08961906284093857,0.9559239583333382
BIPIA,0.42,0.9833333333333333,0.09029749035835266,0.9559239583333382
BIPIA,0.42083333333333334,0.9833333333333333,0.09036331623792648,0.9559239583333382
BIPIA,0.4216666666666667,0.9833333333333333,0.09069310873746872,0.9559239583333382
BIPIA,0.4225,0.9833333333333333,0.092258982360363,0.9559239583333382
BIPIA,0.42333333333333334,0.9833333333333333,0.09277191013097763,0.9559239583333382
BIPIA,0.4241666666666667,0.9833333333333333,0.09290643781423569,0.9559239583333382
BIPIA,0.4241666666666667,0.9841666666666666,0.09333237260580063,0.9559239583333382
BIPIA,0.425,0.9841666666666666,0.09401986747980118,0.9559239583333382
BIPIA,0.42583333333333334,0.9841666666666666,0.09431164711713791,0.9559239583333382
BIPIA,0.4266666666666667,0.9841666666666666,0.09468480944633484,0.9559239583333382
BIPIA,0.4275,0.9841666666666666,0.0956813395023346,0.9559239583333382
BIPIA,0.42833333333333334,0.9841666666666666,0.10038482397794724,0.9559239583333382
BIPIA,0.42916666666666664,0.9841666666666666,0.1005939170718193,0.9559239583333382
BIPIA,0.43,0.9841666666666666,0.10126814991235733,0.9559239583333382
BIPIA,0.43083333333333335,0.9841666666666666,0.1037200316786766,0.9559239583333382
BIPIA,0.43166666666666664,0.9841666666666666,0.10557638108730316,0.9559239583333382
BIPIA,0.4325,0.9841666666666666,0.10585903376340866,0.9559239583333382
BIPIA,0.43333333333333335,0.9841666666666666,0.10678264498710632,0.9559239583333382
BIPIA,0.43416666666666665,0.9841666666666666,0.11028064042329788,0.9559239583333382
BIPIA,0.43416666666666665,0.985,0.11142180114984512,0.9559239583333382
BIPIA,0.435,0.985,0.11152058094739914,0.9559239583333382
BIPIA,0.43583333333333335,0.985,0.11246231943368912,0.9559239583333382
BIPIA,0.43666666666666665,0.985,0.11321910470724106,0.9559239583333382
BIPIA,0.43666666666666665,0.9858333333333333,0.11363028734922409,0.9559239583333382
BIPIA,0.4375,0.9858333333333333,0.11459577083587646,0.9559239583333382
BIPIA,0.43833333333333335,0.9858333333333333,0.11506747454404831,0.9559239583333382
BIPIA,0.43916666666666665,0.9858333333333333,0.11558108776807785,0.9559239583333382
BIPIA,0.44,0.9858333333333333,0.11981170624494553,0.9559239583333382
BIPIA,0.44083333333333335,0.9858333333333333,0.12135512381792068,0.9559239583333382
BIPIA,0.44166666666666665,0.9858333333333333,0.12309657037258148,0.9559239583333382
BIPIA,0.4425,0.9858333333333333,0.12583360075950623,0.9559239583333382
BIPIA,0.44333333333333336,0.9858333333333333,0.127069890499115,0.9559239583333382
BIPIA,0.44416666666666665,0.9858333333333333,0.12776559591293335,0.9559239583333382
BIPIA,0.44416666666666665,0.9866666666666667,0.13102573156356812,0.9559239583333382
BIPIA,0.445,0.9866666666666667,0.13419942557811737,0.9559239583333382
BIPIA,0.44583333333333336,0.9866666666666667,0.13519734144210815,0.9559239583333382
BIPIA,0.44666666666666666,0.9866666666666667,0.13976234197616577,0.9559239583333382
BIPIA,0.4475,0.9866666666666667,0.14147108793258667,0.9559239583333382
BIPIA,0.4483333333333333,0.9866666666666667,0.14166513085365295,0.9559239583333382
BIPIA,0.44916666666666666,0.9866666666666667,0.1431020200252533,0.9559239583333382
BIPIA,0.45,0.9866666666666667,0.14356523752212524,0.9559239583333382
BIPIA,0.4508333333333333,0.9866666666666667,0.1448225975036621,0.9559239583333382
BIPIA,0.45166666666666666,0.9866666666666667,0.14622268080711365,0.9559239583333382
BIPIA,0.4525,0.9866666666666667,0.14737115800380707,0.9559239583333382
BIPIA,0.4533333333333333,0.9866666666666667,0.14872443675994873,0.9559239583333382
BIPIA,0.45416666666666666,0.9866666666666667,0.1500595510005951,0.9559239583333382
BIPIA,0.455,0.9866666666666667,0.15055614709854126,0.9559239583333382
BIPIA,0.4558333333333333,0.9866666666666667,0.15129518508911133,0.9559239583333382
BIPIA,0.45666666666666667,0.9866666666666667,0.15174010396003723,0.9559239583333382
BIPIA,0.4575,0.9866666666666667,0.15243405103683472,0.9559239583333382
BIPIA,0.4583333333333333,0.9866666666666667,0.15359678864479065,0.9559239583333382
BIPIA,0.45916666666666667,0.9866666666666667,0.15382042527198792,0.9559239583333382
BIPIA,0.46,0.9866666666666667,0.15590590238571167,0.9559239583333382
BIPIA,0.4608333333333333,0.9866666666666667,0.15609683096408844,0.9559239583333382
BIPIA,0.46166666666666667,0.9866666666666667,0.15639954805374146,0.9559239583333382
BIPIA,0.4625,0.9866666666666667,0.15657338500022888,0.9559239583333382
BIPIA,0.4633333333333333,0.9866666666666667,0.15947115421295166,0.9559239583333382
BIPIA,0.46416666666666667,0.9866666666666667,0.16082563996315002,0.9559239583333382
BIPIA,0.465,0.9866666666666667,0.1617572009563446,0.9559239583333382
BIPIA,0.4658333333333333,0.9866666666666667,0.16465920209884644,0.9559239583333382
BIPIA,0.4666666666666667,0.9866666666666667,0.1650857925415039,0.9559239583333382
BIPIA,0.4675,0.9866666666666667,0.16573044657707214,0.9559239583333382
BIPIA,0.4683333333333333,0.9866666666666667,0.16598543524742126,0.9559239583333382
BIPIA,0.4691666666666667,0.9866666666666667,0.16880691051483154,0.9559239583333382
BIPIA,0.47,0.9866666666666667,0.16925367712974548,0.9559239583333382
BIPIA,0.4708333333333333,0.9875,0.17025771737098694,0.9559239583333382
BIPIA,0.4716666666666667,0.9875,0.17061972618103027,0.9559239583333382
BIPIA,0.4725,0.9875,0.17100423574447632,0.9559239583333382
BIPIA,0.47333333333333333,0.9875,0.1713363528251648,0.9559239583333382
BIPIA,0.4741666666666667,0.9875,0.17425769567489624,0.9559239583333382
BIPIA,0.4741666666666667,0.9883333333333333,0.17467987537384033,0.9559239583333382
BIPIA,0.475,0.9883333333333333,0.17724087834358215,0.9559239583333382
BIPIA,0.47583333333333333,0.9883333333333333,0.1777433454990387,0.9559239583333382
BIPIA,0.4766666666666667,0.9883333333333333,0.18042802810668945,0.9559239583333382
BIPIA,0.4766666666666667,0.9891666666666666,0.18265190720558167,0.9559239583333382
BIPIA,0.4775,0.9891666666666666,0.18359258770942688,0.9559239583333382
BIPIA,0.4775,0.99,0.18416938185691833,0.9559239583333382
BIPIA,0.47833333333333333,0.99,0.1860029697418213,0.9559239583333382
BIPIA,0.4791666666666667,0.99,0.18609750270843506,0.9559239583333382
BIPIA,0.4791666666666667,0.9908333333333333,0.18824103474617004,0.9559239583333382
BIPIA,0.48,0.9908333333333333,0.18862321972846985,0.9559239583333382
BIPIA,0.48083333333333333,0.9916666666666667,0.19115865230560303,0.9559239583333382
BIPIA,0.4816666666666667,0.9916666666666667,0.19333228468894958,0.9559239583333382
BIPIA,0.4825,0.9916666666666667,0.19337069988250732,0.9559239583333382
BIPIA,0.48333333333333334,0.9916666666666667,0.19383634626865387,0.9559239583333382
BIPIA,0.4841666666666667,0.9916666666666667,0.19424298405647278,0.9559239583333382
BIPIA,0.485,0.9916666666666667,0.1944783627986908,0.9559239583333382
BIPIA,0.48583333333333334,0.9916666666666667,0.1946031153202057,0.9559239583333382
BIPIA,0.4866666666666667,0.9916666666666667,0.19479656219482422,0.9559239583333382
BIPIA,0.4875,0.9916666666666667,0.1967487931251526,0.9559239583333382
BIPIA,0.48833333333333334,0.9925,0.19676393270492554,0.9559239583333382
BIPIA,0.48833333333333334,0.9933333333333333,0.19680911302566528,0.9559239583333382
BIPIA,0.4891666666666667,0.9933333333333333,0.19689738750457764,0.9559239583333382
BIPIA,0.49,0.9933333333333333,0.1972273886203766,0.9559239583333382
BIPIA,0.49083333333333334,0.9933333333333333,0.1995762586593628,0.9559239583333382
BIPIA,0.49166666666666664,0.9933333333333333,0.19994711875915527,0.9559239583333382
BIPIA,0.4925,0.9933333333333333,0.20064452290534973,0.9559239583333382
BIPIA,0.49333333333333335,0.9933333333333333,0.20226141810417175,0.9559239583333382
BIPIA,0.49416666666666664,0.9933333333333333,0.20300017297267914,0.9559239583333382
BIPIA,0.495,0.9933333333333333,0.20379218459129333,0.9559239583333382
BIPIA,0.49583333333333335,0.9933333333333333,0.20514273643493652,0.9559239583333382
BIPIA,0.49666666666666665,0.9933333333333333,0.20828071236610413,0.9559239583333382
BIPIA,0.4975,0.9933333333333333,0.2088872790336609,0.9559239583333382
BIPIA,0.49833333333333335,0.9933333333333333,0.21043038368225098,0.9559239583333382
BIPIA,0.49916666666666665,0.9933333333333333,0.21079698204994202,0.9559239583333382
BIPIA,0.5,0.9933333333333333,0.2109045386314392,0.9559239583333382
BIPIA,0.5008333333333334,0.9933333333333333,0.21105971932411194,0.9559239583333382
BIPIA,0.5016666666666667,0.9933333333333333,0.2138080596923828,0.9559239583333382
BIPIA,0.5025,0.9933333333333333,0.21442526578903198,0.9559239583333382
BIPIA,0.5033333333333333,0.9933333333333333,0.2144966721534729,0.9559239583333382
BIPIA,0.5041666666666667,0.9933333333333333,0.2145386040210724,0.9559239583333382
BIPIA,0.505,0.9933333333333333,0.21523666381835938,0.9559239583333382
BIPIA,0.5058333333333334,0.9933333333333333,0.21637260913848877,0.9559239583333382
BIPIA,0.5066666666666667,0.9933333333333333,0.21689265966415405,0.9559239583333382
BIPIA,0.5075,0.9933333333333333,0.216943621635437,0.9559239583333382
BIPIA,0.5083333333333333,0.9933333333333333,0.21787011623382568,0.9559239583333382
BIPIA,0.5091666666666667,0.9933333333333333,0.21882987022399902,0.9559239583333382
BIPIA,0.51,0.9933333333333333,0.2192198634147644,0.9559239583333382
BIPIA,0.5108333333333334,0.9933333333333333,0.21984916925430298,0.9559239583333382
BIPIA,0.5116666666666667,0.9933333333333333,0.22194045782089233,0.9559239583333382
BIPIA,0.5125,0.9933333333333333,0.2242003083229065,0.9559239583333382
BIPIA,0.5133333333333333,0.9933333333333333,0.2243053913116455,0.9559239583333382
BIPIA,0.5141666666666667,0.9933333333333333,0.22492358088493347,0.9559239583333382
BIPIA,0.515,0.9933333333333333,0.22567740082740784,0.9559239583333382
BIPIA,0.5158333333333334,0.9933333333333333,0.22593390941619873,0.9559239583333382
BIPIA,0.5166666666666667,0.9933333333333333,0.2263643741607666,0.9559239583333382
BIPIA,0.5175,0.9933333333333333,0.23023706674575806,0.9559239583333382
BIPIA,0.5183333333333333,0.9933333333333333,0.23049074411392212,0.9559239583333382
BIPIA,0.5191666666666667,0.9933333333333333,0.2305053174495697,0.9559239583333382
BIPIA,0.52,0.9933333333333333,0.2306884229183197,0.9559239583333382
BIPIA,0.5208333333333334,0.9933333333333333,0.2312280535697937,0.9559239583333382
BIPIA,0.5216666666666666,0.9933333333333333,0.23151743412017822,0.9559239583333382
BIPIA,0.5225,0.9933333333333333,0.23212286829948425,0.9559239583333382
BIPIA,0.5225,0.9941666666666666,0.2337835729122162,0.9559239583333382
BIPIA,0.5233333333333333,0.9941666666666666,0.2340402603149414,0.9559239583333382
BIPIA,0.5241666666666667,0.9941666666666666,0.23409083485603333,0.9559239583333382
BIPIA,0.525,0.9941666666666666,0.2341257631778717,0.9559239583333382
BIPIA,0.5258333333333334,0.9941666666666666,0.2341790795326233,0.9559239583333382
BIPIA,0.5266666666666666,0.995,0.23532021045684814,0.9559239583333382
BIPIA,0.5275,0.995,0.23604410886764526,0.9559239583333382
BIPIA,0.5283333333333333,0.995,0.23632526397705078,0.9559239583333382
BIPIA,0.5291666666666667,0.995,0.23769307136535645,0.9559239583333382
BIPIA,0.53,0.995,0.23920202255249023,0.9559239583333382
BIPIA,0.5308333333333334,0.995,0.23940494656562805,0.9559239583333382
BIPIA,0.5316666666666666,0.995,0.23951444029808044,0.9559239583333382
BIPIA,0.5325,0.995,0.23986467719078064,0.9559239583333382
BIPIA,0.5333333333333333,0.995,0.24067699909210205,0.9559239583333382
BIPIA,0.5341666666666667,0.995,0.24219542741775513,0.9559239583333382
BIPIA,0.535,0.995,0.2433130145072937,0.9559239583333382
BIPIA,0.5358333333333334,0.995,0.24358177185058594,0.9559239583333382
BIPIA,0.5366666666666666,0.995,0.2436281442642212,0.9559239583333382
BIPIA,0.5375,0.995,0.24928417801856995,0.9559239583333382
BIPIA,0.5383333333333333,0.995,0.24961641430854797,0.9559239583333382
BIPIA,0.5391666666666667,0.995,0.2508857250213623,0.9559239583333382
BIPIA,0.54,0.995,0.2510874271392822,0.9559239583333382
BIPIA,0.5408333333333334,0.995,0.2517429292201996,0.9559239583333382
BIPIA,0.5416666666666666,0.995,0.2523355484008789,0.9559239583333382
BIPIA,0.5425,0.995,0.25358977913856506,0.9559239583333382
BIPIA,0.5433333333333333,0.995,0.25377073884010315,0.9559239583333382
BIPIA,0.5441666666666667,0.995,0.25468334555625916,0.9559239583333382
BIPIA,0.545,0.995,0.2583247721195221,0.9559239583333382
BIPIA,0.5458333333333333,0.995,0.2584024667739868,0.9559239583333382
BIPIA,0.5466666666666666,0.995,0.25886309146881104,0.9559239583333382
BIPIA,0.5475,0.995,0.2645184397697449,0.9559239583333382
BIPIA,0.5483333333333333,0.995,0.26461783051490784,0.9559239583333382
BIPIA,0.5491666666666667,0.995,0.2652794122695923,0.9559239583333382
BIPIA,0.55,0.995,0.2654173970222473,0.9559239583333382
BIPIA,0.5508333333333333,0.995,0.266103059053421,0.9559239583333382
BIPIA,0.5516666666666666,0.995,0.2665795087814331,0.9559239583333382
BIPIA,0.5525,0.995,0.26701176166534424,0.9559239583333382
BIPIA,0.5533333333333333,0.995,0.2678002715110779,0.9559239583333382
BIPIA,0.5541666666666667,0.995,0.26837360858917236,0.9559239583333382
BIPIA,0.555,0.995,0.26842620968818665,0.9559239583333382
BIPIA,0.5558333333333333,0.995,0.26853856444358826,0.9559239583333382
BIPIA,0.5558333333333333,0.9958333333333333,0.26880699396133423,0.9559239583333382
BIPIA,0.5566666666666666,0.9958333333333333,0.27115491032600403,0.9559239583333382
BIPIA,0.5575,0.9958333333333333,0.27140629291534424,0.9559239583333382
BIPIA,0.5583333333333333,0.9958333333333333,0.27296385169029236,0.9559239583333382
BIPIA,0.5591666666666667,0.9958333333333333,0.2731631398200989,0.9559239583333382
BIPIA,0.56,0.9958333333333333,0.2741321623325348,0.9559239583333382
BIPIA,0.5608333333333333,0.9958333333333333,0.27829235792160034,0.9559239583333382
BIPIA,0.5616666666666666,0.9958333333333333,0.2784196734428406,0.9559239583333382
BIPIA,0.5625,0.9958333333333333,0.2785511016845703,0.9559239583333382
BIPIA,0.5633333333333334,0.9958333333333333,0.27921414375305176,0.9559239583333382
BIPIA,0.5641666666666667,0.9958333333333333,0.2797454297542572,0.9559239583333382
BIPIA,0.565,0.9958333333333333,0.2800787091255188,0.9559239583333382
BIPIA,0.5658333333333333,0.9958333333333333,0.2820391356945038,0.9559239583333382
BIPIA,0.5666666666666667,0.9958333333333333,0.283090740442276,0.9559239583333382
BIPIA,0.5675,0.9958333333333333,0.2839600741863251,0.9559239583333382
BIPIA,0.5683333333333334,0.9958333333333333,0.288251668214798,0.9559239583333382
BIPIA,0.5691666666666667,0.9958333333333333,0.28958120942115784,0.9559239583333382
BIPIA,0.57,0.9958333333333333,0.29033130407333374,0.9559239583333382
BIPIA,0.5708333333333333,0.9958333333333333,0.2904212474822998,0.9559239583333382
BIPIA,0.5716666666666667,0.9958333333333333,0.29166197776794434,0.9559239583333382
BIPIA,0.5725,0.9958333333333333,0.2919245660305023,0.9559239583333382
BIPIA,0.5733333333333334,0.9958333333333333,0.2933870255947113,0.9559239583333382
BIPIA,0.5741666666666667,0.9958333333333333,0.29368892312049866,0.9559239583333382
BIPIA,0.575,0.9958333333333333,0.29406318068504333,0.9559239583333382
BIPIA,0.5758333333333333,0.9958333333333333,0.29532313346862793,0.9559239583333382
BIPIA,0.5766666666666667,0.9958333333333333,0.2958526015281677,0.9559239583333382
BIPIA,0.5775,0.9958333333333333,0.2973284423351288,0.9559239583333382
BIPIA,0.5783333333333334,0.9958333333333333,0.29748836159706116,0.9559239583333382
BIPIA,0.5791666666666667,0.9958333333333333,0.29888033866882324,0.9559239583333382
BIPIA,0.58,0.9958333333333333,0.2989058494567871,0.9559239583333382
BIPIA,0.5808333333333333,0.9958333333333333,0.29972073435783386,0.9559239583333382
BIPIA,0.5808333333333333,0.9966666666666667,0.2998030483722687,0.9559239583333382
BIPIA,0.5816666666666667,0.9966666666666667,0.3016190826892853,0.9559239583333382
BIPIA,0.5825,0.9966666666666667,0.30216819047927856,0.9559239583333382
BIPIA,0.5833333333333334,0.9966666666666667,0.30444449186325073,0.9559239583333382
BIPIA,0.5841666666666666,0.9966666666666667,0.3046715259552002,0.9559239583333382
BIPIA,0.585,0.9966666666666667,0.30492568016052246,0.9559239583333382
BIPIA,0.5858333333333333,0.9966666666666667,0.3089611530303955,0.9559239583333382
BIPIA,0.5866666666666667,0.9966666666666667,0.31100305914878845,0.9559239583333382
BIPIA,0.5875,0.9966666666666667,0.31348440051078796,0.9559239583333382
BIPIA,0.5883333333333334,0.9966666666666667,0.31381022930145264,0.9559239583333382
BIPIA,0.5891666666666666,0.9966666666666667,0.31404682993888855,0.9559239583333382
BIPIA,0.59,0.9966666666666667,0.3168594241142273,0.9559239583333382
BIPIA,0.5908333333333333,0.9966666666666667,0.31702613830566406,0.9559239583333382
BIPIA,0.5916666666666667,0.9966666666666667,0.32411429286003113,0.9559239583333382
BIPIA,0.5925,0.9966666666666667,0.3251081705093384,0.9559239583333382
BIPIA,0.5933333333333334,0.9966666666666667,0.3258416950702667,0.9559239583333382
BIPIA,0.5941666666666666,0.9966666666666667,0.3261558711528778,0.9559239583333382
BIPIA,0.595,0.9966666666666667,0.3271181583404541,0.9559239583333382
BIPIA,0.5958333333333333,0.9966666666666667,0.32788121700286865,0.9559239583333382
BIPIA,0.5966666666666667,0.9966666666666667,0.3303118050098419,0.9559239583333382
BIPIA,0.5975,0.9966666666666667,0.3315563201904297,0.9559239583333382
BIPIA,0.5983333333333334,0.9966666666666667,0.3319201171398163,0.9559239583333382
BIPIA,0.5991666666666666,0.9966666666666667,0.33202290534973145,0.9559239583333382
BIPIA,0.6,0.9966666666666667,0.3322058320045471,0.9559239583333382
BIPIA,0.6008333333333333,0.9966666666666667,0.33286479115486145,0.9559239583333382
BIPIA,0.6016666666666667,0.9966666666666667,0.3337002396583557,0.9559239583333382
BIPIA,0.6025,0.9966666666666667,0.33569663763046265,0.9559239583333382
BIPIA,0.6033333333333334,0.9966666666666667,0.33633098006248474,0.9559239583333382
BIPIA,0.6041666666666666,0.9966666666666667,0.336614191532135,0.9559239583333382
BIPIA,0.605,0.9966666666666667,0.33982181549072266,0.9559239583333382
BIPIA,0.6058333333333333,0.9966666666666667,0.34031087160110474,0.9559239583333382
BIPIA,0.6066666666666667,0.9966666666666667,0.3412947952747345,0.9559239583333382
BIPIA,0.6075,0.9966666666666667,0.3414309322834015,0.9559239583333382
BIPIA,0.6083333333333333,0.9966666666666667,0.3422611653804779,0.9559239583333382
BIPIA,0.6091666666666666,0.9966666666666667,0.3424115777015686,0.9559239583333382
BIPIA,0.61,0.9966666666666667,0.3424530327320099,0.9559239583333382
BIPIA,0.6108333333333333,0.9966666666666667,0.3427041471004486,0.9559239583333382
BIPIA,0.6116666666666667,0.9966666666666667,0.34656018018722534,0.9559239583333382
BIPIA,0.6125,0.9966666666666667,0.34912109375,0.9559239583333382
BIPIA,0.6133333333333333,0.9966666666666667,0.34926360845565796,0.9559239583333382
BIPIA,0.6141666666666666,0.9966666666666667,0.34930914640426636,0.9559239583333382
BIPIA,0.615,0.9966666666666667,0.349333256483078,0.9559239583333382
BIPIA,0.6158333333333333,0.9966666666666667,0.3500118553638458,0.9559239583333382
BIPIA,0.6166666666666667,0.9966666666666667,0.35122671723365784,0.9559239583333382
BIPIA,0.6175,0.9966666666666667,0.35167157649993896,0.9559239583333382
BIPIA,0.6183333333333333,0.9966666666666667,0.35218942165374756,0.9559239583333382
BIPIA,0.6191666666666666,0.9966666666666667,0.3523704409599304,0.9559239583333382
BIPIA,0.62,0.9966666666666667,0.3533930778503418,0.9559239583333382
BIPIA,0.6208333333333333,0.9966666666666667,0.3538770079612732,0.9559239583333382
BIPIA,0.6216666666666667,0.9966666666666667,0.35487672686576843,0.9559239583333382
BIPIA,0.6225,0.9966666666666667,0.355217307806015,0.9559239583333382
BIPIA,0.6233333333333333,0.9966666666666667,0.35688918828964233,0.9559239583333382
BIPIA,0.6241666666666666,0.9966666666666667,0.3570425510406494,0.9559239583333382
BIPIA,0.625,0.9966666666666667,0.3588692247867584,0.9559239583333382
BIPIA,0.6258333333333334,0.9966666666666667,0.3589765727519989,0.9559239583333382
BIPIA,0.6266666666666667,0.9966666666666667,0.3599484860897064,0.9559239583333382
BIPIA,0.6275,0.9966666666666667,0.3602789044380188,0.9559239583333382
BIPIA,0.6283333333333333,0.9966666666666667,0.36206841468811035,0.9559239583333382
BIPIA,0.6291666666666667,0.9966666666666667,0.36330121755599976,0.9559239583333382
BIPIA,0.63,0.9966666666666667,0.36342012882232666,0.9559239583333382
BIPIA,0.6308333333333334,0.9966666666666667,0.3638579845428467,0.9559239583333382
BIPIA,0.6316666666666667,0.9966666666666667,0.3674613833427429,0.9559239583333382
BIPIA,0.6325,0.9966666666666667,0.36808452010154724,0.9559239583333382
BIPIA,0.6333333333333333,0.9966666666666667,0.3684499263763428,0.9559239583333382
BIPIA,0.6341666666666667,0.9966666666666667,0.36964184045791626,0.9559239583333382
BIPIA,0.635,0.9966666666666667,0.3724913001060486,0.9559239583333382
BIPIA,0.6358333333333334,0.9966666666666667,0.37307077646255493,0.9559239583333382
BIPIA,0.6366666666666667,0.9966666666666667,0.3750438690185547,0.9559239583333382
BIPIA,0.6375,0.9966666666666667,0.3752087950706482,0.9559239583333382
BIPIA,0.6383333333333333,0.9966666666666667,0.37650829553604126,0.9559239583333382
BIPIA,0.6391666666666667,0.9966666666666667,0.376848965883255,0.9559239583333382
BIPIA,0.64,0.9966666666666667,0.3784768581390381,0.9559239583333382
BIPIA,0.6408333333333334,0.9966666666666667,0.3785422444343567,0.9559239583333382
BIPIA,0.6416666666666667,0.9966666666666667,0.3795642554759979,0.9559239583333382
BIPIA,0.6425,0.9966666666666667,0.3808325231075287,0.9559239583333382
BIPIA,0.6433333333333333,0.9966666666666667,0.38207095861434937,0.9559239583333382
BIPIA,0.6441666666666667,0.9966666666666667,0.38345885276794434,0.9559239583333382
BIPIA,0.645,0.9966666666666667,0.3849073350429535,0.9559239583333382
BIPIA,0.6458333333333334,0.9966666666666667,0.3856724500656128,0.9559239583333382
BIPIA,0.6466666666666666,0.9966666666666667,0.3860943019390106,0.9559239583333382
BIPIA,0.6475,0.9966666666666667,0.3868020474910736,0.9559239583333382
BIPIA,0.6483333333333333,0.9966666666666667,0.3876531720161438,0.9559239583333382
BIPIA,0.6491666666666667,0.9966666666666667,0.3878803253173828,0.9559239583333382
BIPIA,0.65,0.9966666666666667,0.39030107855796814,0.9559239583333382
BIPIA,0.6508333333333334,0.9966666666666667,0.3919631838798523,0.9559239583333382
BIPIA,0.6516666666666666,0.9966666666666667,0.3935390114784241,0.9559239583333382
BIPIA,0.6525,0.9966666666666667,0.39437875151634216,0.9559239583333382
BIPIA,0.6533333333333333,0.9966666666666667,0.39451268315315247,0.9559239583333382
BIPIA,0.6541666666666667,0.9966666666666667,0.39495599269866943,0.9559239583333382
BIPIA,0.655,0.9966666666666667,0.39498627185821533,0.9559239583333382
BIPIA,0.6558333333333334,0.9966666666666667,0.3951261341571808,0.9559239583333382
BIPIA,0.6566666666666666,0.9966666666666667,0.3987564146518707,0.9559239583333382
BIPIA,0.6575,0.9966666666666667,0.4008687138557434,0.9559239583333382
BIPIA,0.6583333333333333,0.9966666666666667,0.4009307622909546,0.9559239583333382
BIPIA,0.6591666666666667,0.9966666666666667,0.40117084980010986,0.9559239583333382
BIPIA,0.66,0.9966666666666667,0.40127384662628174,0.9559239583333382
BIPIA,0.6608333333333334,0.9966666666666667,0.40195268392562866,0.9559239583333382
BIPIA,0.6616666666666666,0.9966666666666667,0.4034240245819092,0.9559239583333382
BIPIA,0.6625,0.9966666666666667,0.40421709418296814,0.9559239583333382
BIPIA,0.6633333333333333,0.9966666666666667,0.4046834111213684,0.9559239583333382
BIPIA,0.6641666666666667,0.9966666666666667,0.4075660705566406,0.9559239583333382
BIPIA,0.665,0.9966666666666667,0.4083813428878784,0.9559239583333382
BIPIA,0.6658333333333334,0.9966666666666667,0.4094177782535553,0.9559239583333382
BIPIA,0.6666666666666666,0.9966666666666667,0.4099419116973877,0.9559239583333382
BIPIA,0.6675,0.9966666666666667,0.4100368618965149,0.9559239583333382
BIPIA,0.6683333333333333,0.9966666666666667,0.41017046570777893,0.9559239583333382
BIPIA,0.6691666666666667,0.9966666666666667,0.4111277163028717,0.9559239583333382
BIPIA,0.67,0.9966666666666667,0.41483616828918457,0.9559239583333382
BIPIA,0.6708333333333333,0.9966666666666667,0.4157686233520508,0.9559239583333382
BIPIA,0.6716666666666666,0.9966666666666667,0.41606634855270386,0.9559239583333382
BIPIA,0.6725,0.9966666666666667,0.41665637493133545,0.9559239583333382
BIPIA,0.6733333333333333,0.9966666666666667,0.41701269149780273,0.9559239583333382
BIPIA,0.6741666666666667,0.9966666666666667,0.41747981309890747,0.9559239583333382
BIPIA,0.675,0.9966666666666667,0.4176691174507141,0.9559239583333382
BIPIA,0.6758333333333333,0.9966666666666667,0.4209289848804474,0.9559239583333382
BIPIA,0.6766666666666666,0.9966666666666667,0.421339213848114,0.9559239583333382
BIPIA,0.6775,0.9966666666666667,0.42207056283950806,0.9559239583333382
BIPIA,0.6783333333333333,0.9966666666666667,0.4221973121166229,0.9559239583333382
BIPIA,0.6791666666666667,0.9966666666666667,0.4223276972770691,0.9559239583333382
BIPIA,0.68,0.9966666666666667,0.42355382442474365,0.9559239583333382
BIPIA,0.6808333333333333,0.9966666666666667,0.4246304929256439,0.9559239583333382
BIPIA,0.6816666666666666,0.9966666666666667,0.42530399560928345,0.9559239583333382
BIPIA,0.6825,0.9966666666666667,0.42533373832702637,0.9559239583333382
BIPIA,0.6833333333333333,0.9966666666666667,0.42601707577705383,0.9559239583333382
BIPIA,0.6841666666666667,0.9966666666666667,0.42675650119781494,0.9559239583333382
BIPIA,0.685,0.9966666666666667,0.4269876182079315,0.9559239583333382
BIPIA,0.6858333333333333,0.9966666666666667,0.4304865002632141,0.9559239583333382
BIPIA,0.6866666666666666,0.9966666666666667,0.4339359402656555,0.9559239583333382
BIPIA,0.6875,0.9966666666666667,0.4362355172634125,0.9559239583333382
BIPIA,0.6883333333333334,0.9966666666666667,0.4371514320373535,0.9559239583333382
BIPIA,0.6891666666666667,0.9966666666666667,0.438740611076355,0.9559239583333382
BIPIA,0.69,0.9966666666666667,0.44017964601516724,0.9559239583333382
BIPIA,0.6908333333333333,0.9966666666666667,0.4418518543243408,0.9559239583333382
BIPIA,0.6916666666666667,0.9966666666666667,0.44590044021606445,0.9559239583333382
BIPIA,0.6925,0.9966666666666667,0.4461304843425751,0.9559239583333382
BIPIA,0.6933333333333334,0.9966666666666667,0.44681936502456665,0.9559239583333382
BIPIA,0.6941666666666667,0.9966666666666667,0.45176976919174194,0.9559239583333382
BIPIA,0.695,0.9966666666666667,0.4544844925403595,0.9559239583333382
BIPIA,0.6958333333333333,0.9966666666666667,0.45537957549095154,0.9559239583333382
BIPIA,0.6966666666666667,0.9966666666666667,0.45590290427207947,0.9559239583333382
BIPIA,0.6975,0.9966666666666667,0.4578075408935547,0.9559239583333382
BIPIA,0.6983333333333334,0.9966666666666667,0.4605412483215332,0.9559239583333382
BIPIA,0.6991666666666667,0.9966666666666667,0.46141040325164795,0.9559239583333382
BIPIA,0.7,0.9966666666666667,0.4620276093482971,0.9559239583333382
BIPIA,0.7008333333333333,0.9966666666666667,0.46215924620628357,0.9559239583333382
BIPIA,0.7016666666666667,0.9966666666666667,0.4625384211540222,0.9559239583333382
BIPIA,0.7025,0.9966666666666667,0.46265077590942383,0.9559239583333382
BIPIA,0.7033333333333334,0.9966666666666667,0.4632289707660675,0.9559239583333382
BIPIA,0.7041666666666667,0.9966666666666667,0.4637468457221985,0.9559239583333382
BIPIA,0.705,0.9966666666666667,0.4648423194885254,0.9559239583333382
BIPIA,0.7058333333333333,0.9966666666666667,0.4660981595516205,0.9559239583333382
BIPIA,0.7066666666666667,0.9966666666666667,0.4672090411186218,0.9559239583333382
BIPIA,0.7075,0.9966666666666667,0.46762287616729736,0.9559239583333382
BIPIA,0.7083333333333334,0.9966666666666667,0.46895331144332886,0.9559239583333382
BIPIA,0.7091666666666666,0.9966666666666667,0.47285008430480957,0.9559239583333382
BIPIA,0.71,0.9966666666666667,0.47286856174468994,0.9559239583333382
BIPIA,0.7108333333333333,0.9966666666666667,0.4732383191585541,0.9559239583333382
BIPIA,0.7116666666666667,0.9966666666666667,0.4765985310077667,0.9559239583333382
BIPIA,0.7125,0.9966666666666667,0.47831177711486816,0.9559239583333382
BIPIA,0.7133333333333334,0.9966666666666667,0.4788256883621216,0.9559239583333382
BIPIA,0.7133333333333334,0.9975,0.47886553406715393,0.9559239583333382
BIPIA,0.7141666666666666,0.9975,0.4806458353996277,0.9559239583333382
BIPIA,0.715,0.9975,0.48089951276779175,0.9559239583333382
BIPIA,0.7158333333333333,0.9975,0.4870569109916687,0.9559239583333382
BIPIA,0.7166666666666667,0.9975,0.4875490069389343,0.9559239583333382
BIPIA,0.7175,0.9975,0.48847803473472595,0.9559239583333382
BIPIA,0.7183333333333334,0.9975,0.48927828669548035,0.9559239583333382
BIPIA,0.7191666666666666,0.9975,0.4897589087486267,0.9559239583333382
BIPIA,0.72,0.9975,0.4910166561603546,0.9559239583333382
BIPIA,0.7208333333333333,0.9975,0.49175187945365906,0.9559239583333382
BIPIA,0.7216666666666667,0.9975,0.49296337366104126,0.9559239583333382
BIPIA,0.7225,0.9975,0.49430668354034424,0.9559239583333382
BIPIA,0.7233333333333334,0.9975,0.4947313070297241,0.9559239583333382
BIPIA,0.7241666666666666,0.9975,0.4950997531414032,0.9559239583333382
BIPIA,0.725,0.9975,0.49519503116607666,0.9559239583333382
BIPIA,0.7258333333333333,0.9975,0.4952394366264343,0.9559239583333382
BIPIA,0.7266666666666667,0.9975,0.49594369530677795,0.9559239583333382
BIPIA,0.7275,0.9975,0.4966142773628235,0.9559239583333382
BIPIA,0.7283333333333334,0.9975,0.4997120797634125,0.9559239583333382
BIPIA,0.7291666666666666,0.9975,0.49994832277297974,0.9559239583333382
BIPIA,0.73,0.9975,0.5003494620323181,0.9559239583333382
BIPIA,0.7308333333333333,0.9975,0.5018080472946167,0.9559239583333382
BIPIA,0.7316666666666667,0.9975,0.5020858645439148,0.9559239583333382
BIPIA,0.7325,0.9975,0.5041388869285583,0.9559239583333382
BIPIA,0.7333333333333333,0.9975,0.5042144060134888,0.9559239583333382
BIPIA,0.7341666666666666,0.9975,0.5051649808883667,0.9559239583333382
BIPIA,0.735,0.9975,0.5067902207374573,0.9559239583333382
BIPIA,0.7358333333333333,0.9975,0.5083898901939392,0.9559239583333382
BIPIA,0.7358333333333333,0.9983333333333333,0.5091161131858826,0.9559239583333382
BIPIA,0.7366666666666667,0.9983333333333333,0.5129055380821228,0.9559239583333382
BIPIA,0.7375,0.9983333333333333,0.5139099359512329,0.9559239583333382
BIPIA,0.7383333333333333,0.9983333333333333,0.5153453946113586,0.9559239583333382
BIPIA,0.7383333333333333,0.9991666666666666,0.5154545903205872,0.9559239583333382
BIPIA,0.7391666666666666,0.9991666666666666,0.5162599682807922,0.9559239583333382
BIPIA,0.74,0.9991666666666666,0.5166163444519043,0.9559239583333382
BIPIA,0.7408333333333333,0.9991666666666666,0.5168425440788269,0.9559239583333382
BIPIA,0.7416666666666667,0.9991666666666666,0.5173683166503906,0.9559239583333382
BIPIA,0.7425,0.9991666666666666,0.5185385346412659,0.9559239583333382
BIPIA,0.7433333333333333,0.9991666666666666,0.5188191533088684,0.9559239583333382
BIPIA,0.7441666666666666,0.9991666666666666,0.5194165706634521,0.9559239583333382
BIPIA,0.745,0.9991666666666666,0.5195910334587097,0.9559239583333382
BIPIA,0.7458333333333333,0.9991666666666666,0.5219173431396484,0.9559239583333382
BIPIA,0.7466666666666667,0.9991666666666666,0.5245116353034973,0.9559239583333382
BIPIA,0.7475,0.9991666666666666,0.5249080657958984,0.9559239583333382
BIPIA,0.7483333333333333,0.9991666666666666,0.525615930557251,0.9559239583333382
BIPIA,0.7491666666666666,0.9991666666666666,0.5256779193878174,0.9559239583333382
BIPIA,0.75,0.9991666666666666,0.5267199277877808,0.9559239583333382
BIPIA,0.7508333333333334,0.9991666666666666,0.5268341898918152,0.9559239583333382
BIPIA,0.7516666666666667,0.9991666666666666,0.5287083983421326,0.9559239583333382
BIPIA,0.7525,0.9991666666666666,0.5310555100440979,0.9559239583333382
BIPIA,0.7533333333333333,0.9991666666666666,0.5318266153335571,0.9559239583333382
BIPIA,0.7541666666666667,0.9991666666666666,0.5322674512863159,0.9559239583333382
BIPIA,0.755,0.9991666666666666,0.5347496271133423,0.9559239583333382
BIPIA,0.7558333333333334,0.9991666666666666,0.5350063443183899,0.9559239583333382
BIPIA,0.7566666666666667,0.9991666666666666,0.5360850095748901,0.9559239583333382
BIPIA,0.7575,0.9991666666666666,0.5388227701187134,0.9559239583333382
BIPIA,0.7583333333333333,0.9991666666666666,0.5390057563781738,0.9559239583333382
BIPIA,0.7591666666666667,0.9991666666666666,0.5397812128067017,0.9559239583333382
BIPIA,0.76,0.9991666666666666,0.5398268699645996,0.9559239583333382
BIPIA,0.7608333333333334,0.9991666666666666,0.5419921875,0.9559239583333382
BIPIA,0.7616666666666667,0.9991666666666666,0.543476402759552,0.9559239583333382
BIPIA,0.7625,0.9991666666666666,0.5441022515296936,0.9559239583333382
BIPIA,0.7633333333333333,0.9991666666666666,0.545607328414917,0.9559239583333382
BIPIA,0.7641666666666667,0.9991666666666666,0.5471444129943848,0.9559239583333382
BIPIA,0.765,0.9991666666666666,0.5486276149749756,0.9559239583333382
BIPIA,0.7658333333333334,0.9991666666666666,0.5529231429100037,0.9559239583333382
BIPIA,0.7666666666666667,0.9991666666666666,0.5538986921310425,0.9559239583333382
BIPIA,0.7675,0.9991666666666666,0.5548267960548401,0.9559239583333382
BIPIA,0.7683333333333333,0.9991666666666666,0.5550771355628967,0.9559239583333382
BIPIA,0.7691666666666667,0.9991666666666666,0.5564711689949036,0.9559239583333382
BIPIA,0.77,0.9991666666666666,0.5594935417175293,0.9559239583333382
BIPIA,0.7708333333333334,0.9991666666666666,0.559614896774292,0.9559239583333382
BIPIA,0.7716666666666666,0.9991666666666666,0.55989009141922,0.9559239583333382
BIPIA,0.7725,0.9991666666666666,0.5607327222824097,0.9559239583333382
BIPIA,0.7733333333333333,0.9991666666666666,0.5617700219154358,0.9559239583333382
BIPIA,0.7741666666666667,0.9991666666666666,0.5630204081535339,0.9559239583333382
BIPIA,0.775,0.9991666666666666,0.5651434063911438,0.9559239583333382
BIPIA,0.7758333333333334,0.9991666666666666,0.5678803324699402,0.9559239583333382
BIPIA,0.7766666666666666,0.9991666666666666,0.5695494413375854,0.9559239583333382
BIPIA,0.7775,0.9991666666666666,0.5706394910812378,0.9559239583333382
BIPIA,0.7783333333333333,0.9991666666666666,0.5731310844421387,0.9559239583333382
BIPIA,0.7791666666666667,0.9991666666666666,0.5731883645057678,0.9559239583333382
BIPIA,0.78,0.9991666666666666,0.5734090209007263,0.9559239583333382
BIPIA,0.7808333333333334,0.9991666666666666,0.5740243196487427,0.9559239583333382
BIPIA,0.7816666666666666,0.9991666666666666,0.5797919631004333,0.9559239583333382
BIPIA,0.7825,0.9991666666666666,0.5805982947349548,0.9559239583333382
BIPIA,0.7833333333333333,0.9991666666666666,0.581392228603363,0.9559239583333382
BIPIA,0.7841666666666667,0.9991666666666666,0.5827420949935913,0.9559239583333382
BIPIA,0.785,0.9991666666666666,0.5828153491020203,0.9559239583333382
BIPIA,0.7858333333333334,0.9991666666666666,0.5830749869346619,0.9559239583333382
BIPIA,0.7866666666666666,0.9991666666666666,0.5842406749725342,0.9559239583333382
BIPIA,0.7875,0.9991666666666666,0.5863739252090454,0.9559239583333382
BIPIA,0.7883333333333333,0.9991666666666666,0.5898128151893616,0.9559239583333382
BIPIA,0.7891666666666667,0.9991666666666666,0.5904445052146912,0.9559239583333382
BIPIA,0.79,0.9991666666666666,0.5986273288726807,0.9559239583333382
BIPIA,0.7908333333333334,0.9991666666666666,0.5996665358543396,0.9559239583333382
BIPIA,0.7916666666666666,0.9991666666666666,0.6029289364814758,0.9559239583333382
BIPIA,0.7925,0.9991666666666666,0.6043297052383423,0.9559239583333382
BIPIA,0.7933333333333333,0.9991666666666666,0.6118870377540588,0.9559239583333382
BIPIA,0.7941666666666667,0.9991666666666666,0.616025984287262,0.9559239583333382
BIPIA,0.795,0.9991666666666666,0.617874264717102,0.9559239583333382
BIPIA,0.7958333333333333,0.9991666666666666,0.6179547905921936,0.9559239583333382
BIPIA,0.7966666666666666,0.9991666666666666,0.6184739470481873,0.9559239583333382
BIPIA,0.7975,0.9991666666666666,0.620151698589325,0.9559239583333382
BIPIA,0.7983333333333333,0.9991666666666666,0.6231561899185181,0.9559239583333382
BIPIA,0.7991666666666667,0.9991666666666666,0.6260777115821838,0.9559239583333382
BIPIA,0.8,0.9991666666666666,0.6295571327209473,0.9559239583333382
BIPIA,0.8008333333333333,0.9991666666666666,0.6301220655441284,0.9559239583333382
BIPIA,0.8016666666666666,0.9991666666666666,0.6310272812843323,0.9559239583333382
BIPIA,0.8025,0.9991666666666666,0.6316987872123718,0.9559239583333382
BIPIA,0.8033333333333333,0.9991666666666666,0.6317921280860901,0.9559239583333382
BIPIA,0.8041666666666667,0.9991666666666666,0.6332202553749084,0.9559239583333382
BIPIA,0.805,0.9991666666666666,0.6338321566581726,0.9559239583333382
BIPIA,0.8058333333333333,0.9991666666666666,0.634297788143158,0.9559239583333382
BIPIA,0.8066666666666666,0.9991666666666666,0.6346766352653503,0.9559239583333382
BIPIA,0.8075,0.9991666666666666,0.6367892622947693,0.9559239583333382
BIPIA,0.8083333333333333,0.9991666666666666,0.6369640231132507,0.9559239583333382
BIPIA,0.8091666666666667,0.9991666666666666,0.6386756300926208,0.9559239583333382
BIPIA,0.81,0.9991666666666666,0.639379620552063,0.9559239583333382
BIPIA,0.8108333333333333,0.9991666666666666,0.6396105289459229,0.9559239583333382
BIPIA,0.8116666666666666,0.9991666666666666,0.6408191919326782,0.9559239583333382
BIPIA,0.8125,0.9991666666666666,0.6414754986763,0.9559239583333382
BIPIA,0.8133333333333334,0.9991666666666666,0.6456872820854187,0.9559239583333382
BIPIA,0.8141666666666667,0.9991666666666666,0.6469094753265381,0.9559239583333382
BIPIA,0.815,0.9991666666666666,0.6495376229286194,0.9559239583333382
BIPIA,0.8158333333333333,0.9991666666666666,0.6542604565620422,0.9559239583333382
BIPIA,0.8166666666666667,0.9991666666666666,0.6547576785087585,0.9559239583333382
BIPIA,0.8175,0.9991666666666666,0.6549590826034546,0.9559239583333382
BIPIA,0.8183333333333334,0.9991666666666666,0.6563712954521179,0.9559239583333382
BIPIA,0.8191666666666667,0.9991666666666666,0.658572256565094,0.9559239583333382
BIPIA,0.82,0.9991666666666666,0.6598993539810181,0.9559239583333382
BIPIA,0.8208333333333333,0.9991666666666666,0.6618853211402893,0.9559239583333382
BIPIA,0.8216666666666667,0.9991666666666666,0.6620959043502808,0.9559239583333382
BIPIA,0.8225,0.9991666666666666,0.6651894450187683,0.9559239583333382
BIPIA,0.8233333333333334,0.9991666666666666,0.6671974658966064,0.9559239583333382
BIPIA,0.8241666666666667,0.9991666666666666,0.6697462797164917,0.9559239583333382
BIPIA,0.825,0.9991666666666666,0.6730836033821106,0.9559239583333382
BIPIA,0.8258333333333333,0.9991666666666666,0.6748949885368347,0.9559239583333382
BIPIA,0.8266666666666667,0.9991666666666666,0.6755001544952393,0.9559239583333382
BIPIA,0.8275,0.9991666666666666,0.6759955286979675,0.9559239583333382
BIPIA,0.8283333333333334,0.9991666666666666,0.6785897612571716,0.9559239583333382
BIPIA,0.8291666666666667,0.9991666666666666,0.6842083930969238,0.9559239583333382
BIPIA,0.83,1.0,0.6842295527458191,0.9559239583333382
BIPIA,0.8308333333333333,1.0,0.6852144002914429,0.9559239583333382
BIPIA,0.8316666666666667,1.0,0.6917396783828735,0.9559239583333382
BIPIA,0.8325,1.0,0.6930925250053406,0.9559239583333382
BIPIA,0.8333333333333334,1.0,0.6931948065757751,0.9559239583333382
BIPIA,0.8341666666666666,1.0,0.6968384981155396,0.9559239583333382
BIPIA,0.835,1.0,0.6984102129936218,0.9559239583333382
BIPIA,0.8358333333333333,1.0,0.7029283046722412,0.9559239583333382
BIPIA,0.8366666666666667,1.0,0.7034477591514587,0.9559239583333382
BIPIA,0.8375,1.0,0.7083284854888916,0.9559239583333382
BIPIA,0.8383333333333334,1.0,0.7093534469604492,0.9559239583333382
BIPIA,0.8391666666666666,1.0,0.7109025120735168,0.9559239583333382
BIPIA,0.84,1.0,0.715717077255249,0.9559239583333382
BIPIA,0.8408333333333333,1.0,0.7169215083122253,0.9559239583333382
BIPIA,0.8416666666666667,1.0,0.717999279499054,0.9559239583333382
BIPIA,0.8425,1.0,0.7184564471244812,0.9559239583333382
BIPIA,0.8433333333333334,1.0,0.7199433445930481,0.9559239583333382
BIPIA,0.8441666666666666,1.0,0.7204900979995728,0.9559239583333382
BIPIA,0.845,1.0,0.7214941382408142,0.9559239583333382
BIPIA,0.8458333333333333,1.0,0.7218575477600098,0.9559239583333382
BIPIA,0.8466666666666667,1.0,0.7245318293571472,0.9559239583333382
BIPIA,0.8475,1.0,0.7277146577835083,0.9559239583333382
BIPIA,0.8483333333333334,1.0,0.728468656539917,0.9559239583333382
BIPIA,0.8491666666666666,1.0,0.72910076379776,0.9559239583333382
BIPIA,0.85,1.0,0.7315499186515808,0.9559239583333382
BIPIA,0.8508333333333333,1.0,0.7317833304405212,0.9559239583333382
BIPIA,0.8516666666666667,1.0,0.7336758375167847,0.9559239583333382
BIPIA,0.8525,1.0,0.7375791668891907,0.9559239583333382
BIPIA,0.8533333333333334,1.0,0.73798006772995,0.9559239583333382
BIPIA,0.8541666666666666,1.0,0.7393480539321899,0.9559239583333382
BIPIA,0.855,1.0,0.7400810122489929,0.9559239583333382
BIPIA,0.8558333333333333,1.0,0.7402538061141968,0.9559239583333382
BIPIA,0.8566666666666667,1.0,0.7404147982597351,0.9559239583333382
BIPIA,0.8575,1.0,0.7408410906791687,0.9559239583333382
BIPIA,0.8583333333333333,1.0,0.7430494427680969,0.9559239583333382
BIPIA,0.8591666666666666,1.0,0.7432417273521423,0.9559239583333382
BIPIA,0.86,1.0,0.7442160844802856,0.9559239583333382
BIPIA,0.8608333333333333,1.0,0.7446414232254028,0.9559239583333382
BIPIA,0.8616666666666667,1.0,0.746333122253418,0.9559239583333382
BIPIA,0.8625,1.0,0.7475998997688293,0.9559239583333382
BIPIA,0.8633333333333333,1.0,0.7486424446105957,0.9559239583333382
BIPIA,0.8641666666666666,1.0,0.7522646188735962,0.9559239583333382
BIPIA,0.865,1.0,0.7547975182533264,0.9559239583333382
BIPIA,0.8658333333333333,1.0,0.7559609413146973,0.9559239583333382
BIPIA,0.8666666666666667,1.0,0.7570651769638062,0.9559239583333382
BIPIA,0.8675,1.0,0.7579600214958191,0.9559239583333382
BIPIA,0.8683333333333333,1.0,0.760432243347168,0.9559239583333382
BIPIA,0.8691666666666666,1.0,0.7618388533592224,0.9559239583333382
BIPIA,0.87,1.0,0.7620564103126526,0.9559239583333382
BIPIA,0.8708333333333333,1.0,0.7632376551628113,0.9559239583333382
BIPIA,0.8716666666666667,1.0,0.7642086744308472,0.9559239583333382
BIPIA,0.8725,1.0,0.7644249796867371,0.9559239583333382
BIPIA,0.8733333333333333,1.0,0.7663328051567078,0.9559239583333382
BIPIA,0.8741666666666666,1.0,0.7678475379943848,0.9559239583333382
BIPIA,0.875,1.0,0.7687791585922241,0.9559239583333382
BIPIA,0.8758333333333334,1.0,0.7704243063926697,0.9559239583333382
BIPIA,0.8766666666666667,1.0,0.7715831398963928,0.9559239583333382
BIPIA,0.8775,1.0,0.7767623066902161,0.9559239583333382
BIPIA,0.8783333333333333,1.0,0.7769756317138672,0.9559239583333382
BIPIA,0.8791666666666667,1.0,0.7771660685539246,0.9559239583333382
BIPIA,0.88,1.0,0.7772062420845032,0.9559239583333382
BIPIA,0.8808333333333334,1.0,0.7772566676139832,0.9559239583333382
BIPIA,0.8816666666666667,1.0,0.7814233899116516,0.9559239583333382
BIPIA,0.8825,1.0,0.7830126881599426,0.9559239583333382
BIPIA,0.8833333333333333,1.0,0.7855271697044373,0.9559239583333382
BIPIA,0.8841666666666667,1.0,0.785975992679596,0.9559239583333382
BIPIA,0.885,1.0,0.7881835699081421,0.9559239583333382
BIPIA,0.8858333333333334,1.0,0.7898297905921936,0.9559239583333382
BIPIA,0.8866666666666667,1.0,0.7942675948143005,0.9559239583333382
BIPIA,0.8875,1.0,0.7988527417182922,0.9559239583333382
BIPIA,0.8883333333333333,1.0,0.8007115721702576,0.9559239583333382
BIPIA,0.8891666666666667,1.0,0.8107605576515198,0.9559239583333382
BIPIA,0.89,1.0,0.8111212253570557,0.9559239583333382
BIPIA,0.8908333333333334,1.0,0.8116106986999512,0.9559239583333382
BIPIA,0.8916666666666667,1.0,0.8145743012428284,0.9559239583333382
BIPIA,0.8925,1.0,0.8192728757858276,0.9559239583333382
BIPIA,0.8933333333333333,1.0,0.8208727240562439,0.9559239583333382
BIPIA,0.8941666666666667,1.0,0.8216360807418823,0.9559239583333382
BIPIA,0.895,1.0,0.8226723074913025,0.9559239583333382
BIPIA,0.8958333333333334,1.0,0.8303415775299072,0.9559239583333382
BIPIA,0.8966666666666666,1.0,0.8326568603515625,0.9559239583333382
BIPIA,0.8975,1.0,0.8361034393310547,0.9559239583333382
BIPIA,0.8983333333333333,1.0,0.8386325240135193,0.9559239583333382
BIPIA,0.8991666666666667,1.0,0.8434008359909058,0.9559239583333382
BIPIA,0.9,1.0,0.849299967288971,0.9559239583333382
BIPIA,0.9008333333333334,1.0,0.852421760559082,0.9559239583333382
BIPIA,0.9016666666666666,1.0,0.8572904467582703,0.9559239583333382
BIPIA,0.9025,1.0,0.8576796650886536,0.9559239583333382
BIPIA,0.9033333333333333,1.0,0.8604372143745422,0.9559239583333382
BIPIA,0.9041666666666667,1.0,0.8612321615219116,0.9559239583333382
BIPIA,0.905,1.0,0.8615768551826477,0.9559239583333382
BIPIA,0.9058333333333334,1.0,0.8668651580810547,0.9559239583333382
BIPIA,0.9066666666666666,1.0,0.8731232285499573,0.9559239583333382
BIPIA,0.9075,1.0,0.8821853995323181,0.9559239583333382
BIPIA,0.9083333333333333,1.0,0.8823822140693665,0.9559239583333382
BIPIA,0.9091666666666667,1.0,0.8830320239067078,0.9559239583333382
BIPIA,0.91,1.0,0.8893663883209229,0.9559239583333382
BIPIA,0.9108333333333334,1.0,0.8915336728096008,0.9559239583333382
BIPIA,0.9116666666666666,1.0,0.8930785059928894,0.9559239583333382
BIPIA,0.9125,1.0,0.9038078188896179,0.9559239583333382
BIPIA,0.9133333333333333,1.0,0.9061318635940552,0.9559239583333382
BIPIA,0.9141666666666667,1.0,0.9122570753097534,0.9559239583333382
BIPIA,0.915,1.0,0.9141309261322021,0.9559239583333382
BIPIA,0.9158333333333334,1.0,0.9154388904571533,0.9559239583333382
BIPIA,0.9166666666666666,1.0,0.9167923331260681,0.9559239583333382
BIPIA,0.9175,1.0,0.9197153449058533,0.9559239583333382
BIPIA,0.9183333333333333,1.0,0.9217358231544495,0.9559239583333382
BIPIA,0.9191666666666667,1.0,0.9313609600067139,0.9559239583333382
BIPIA,0.92,1.0,0.9327666163444519,0.9559239583333382
BIPIA,0.9208333333333333,1.0,0.9332756400108337,0.9559239583333382
BIPIA,0.9216666666666666,1.0,0.9361308217048645,0.9559239583333382
BIPIA,0.9225,1.0,0.9385800361633301,0.9559239583333382
BIPIA,0.9233333333333333,1.0,0.9414450526237488,0.9559239583333382
BIPIA,0.9241666666666667,1.0,0.9420133233070374,0.9559239583333382
BIPIA,0.925,1.0,0.9428738355636597,0.9559239583333382
BIPIA,0.9258333333333333,1.0,0.9462181925773621,0.9559239583333382
BIPIA,0.9266666666666666,1.0,0.9462222456932068,0.9559239583333382
BIPIA,0.9275,1.0,0.9489423632621765,0.9559239583333382
BIPIA,0.9283333333333333,1.0,0.9489789605140686,0.9559239583333382
BIPIA,0.9291666666666667,1.0,0.9561967849731445,0.9559239583333382
BIPIA,0.93,1.0,0.9568755626678467,0.9559239583333382
BIPIA,0.9308333333333333,1.0,0.9584130048751831,0.9559239583333382
BIPIA,0.9316666666666666,1.0,0.9602993726730347,0.9559239583333382
BIPIA,0.9325,1.0,0.9661908745765686,0.9559239583333382
BIPIA,0.9333333333333333,1.0,0.967841386795044,0.9559239583333382
BIPIA,0.9341666666666667,1.0,0.9714578986167908,0.9559239583333382
BIPIA,0.935,1.0,0.9720361828804016,0.9559239583333382
BIPIA,0.9358333333333333,1.0,0.9747627973556519,0.9559239583333382
BIPIA,0.9366666666666666,1.0,0.9775176644325256,0.9559239583333382
BIPIA,0.9375,1.0,0.9837697148323059,0.9559239583333382
BIPIA,0.9383333333333334,1.0,0.99227374792099,0.9559239583333382
BIPIA,0.9391666666666667,1.0,0.993782103061676,0.9559239583333382
BIPIA,0.94,1.0,0.9938034415245056,0.9559239583333382
BIPIA,0.9408333333333333,1.0,0.9970261454582214,0.9559239583333382
BIPIA,0.9416666666666667,1.0,0.9994742274284363,0.9559239583333382
BIPIA,0.9425,1.0,1.0003101825714111,0.9559239583333382
BIPIA,0.9433333333333334,1.0,1.0045897960662842,0.9559239583333382
BIPIA,0.9441666666666667,1.0,1.0053565502166748,0.9559239583333382
BIPIA,0.945,1.0,1.0063984394073486,0.9559239583333382
BIPIA,0.9458333333333333,1.0,1.0098024606704712,0.9559239583333382
BIPIA,0.9466666666666667,1.0,1.0114775896072388,0.9559239583333382
BIPIA,0.9475,1.0,1.013396143913269,0.9559239583333382
BIPIA,0.9483333333333334,1.0,1.0150604248046875,0.9559239583333382
BIPIA,0.9491666666666667,1.0,1.0242960453033447,0.9559239583333382
BIPIA,0.95,1.0,1.0460296869277954,0.9559239583333382
BIPIA,0.9508333333333333,1.0,1.05564546585083,0.9559239583333382
BIPIA,0.9516666666666667,1.0,1.0633646249771118,0.9559239583333382
BIPIA,0.9525,1.0,1.0717004537582397,0.9559239583333382
BIPIA,0.9533333333333334,1.0,1.0755516290664673,0.9559239583333382
BIPIA,0.9541666666666667,1.0,1.0859342813491821,0.9559239583333382
BIPIA,0.955,1.0,1.089669108390808,0.9559239583333382
BIPIA,0.9558333333333333,1.0,1.0962454080581665,0.9559239583333382
BIPIA,0.9566666666666667,1.0,1.1064726114273071,0.9559239583333382
BIPIA,0.9575,1.0,1.1130125522613525,0.9559239583333382
BIPIA,0.9583333333333334,1.0,1.1154881715774536,0.9559239583333382
BIPIA,0.9591666666666666,1.0,1.118680715560913,0.9559239583333382
BIPIA,0.96,1.0,1.1210213899612427,0.9559239583333382
BIPIA,0.9608333333333333,1.0,1.1317216157913208,0.9559239583333382
BIPIA,0.9616666666666667,1.0,1.1341601610183716,0.9559239583333382
BIPIA,0.9625,1.0,1.1365370750427246,0.9559239583333382
BIPIA,0.9633333333333334,1.0,1.143537998199463,0.9559239583333382
BIPIA,0.9641666666666666,1.0,1.153319239616394,0.9559239583333382
BIPIA,0.965,1.0,1.1553179025650024,0.9559239583333382
BIPIA,0.9658333333333333,1.0,1.1575579643249512,0.9559239583333382
BIPIA,0.9666666666666667,1.0,1.162003993988037,0.9559239583333382
BIPIA,0.9675,1.0,1.1743148565292358,0.9559239583333382
BIPIA,0.9683333333333334,1.0,1.1848500967025757,0.9559239583333382
BIPIA,0.9691666666666666,1.0,1.1999428272247314,0.9559239583333382
BIPIA,0.97,1.0,1.2081518173217773,0.9559239583333382
BIPIA,0.9708333333333333,1.0,1.237892508506775,0.9559239583333382
BIPIA,0.9716666666666667,1.0,1.2535518407821655,0.9559239583333382
BIPIA,0.9725,1.0,1.263217806816101,0.9559239583333382
BIPIA,0.9733333333333334,1.0,1.266746163368225,0.9559239583333382
BIPIA,0.9741666666666666,1.0,1.2776670455932617,0.9559239583333382
BIPIA,0.975,1.0,1.2857710123062134,0.9559239583333382
BIPIA,0.9758333333333333,1.0,1.2972129583358765,0.9559239583333382
BIPIA,0.9766666666666667,1.0,1.3111387491226196,0.9559239583333382
BIPIA,0.9775,1.0,1.340587854385376,0.9559239583333382
BIPIA,0.9783333333333334,1.0,1.3593887090682983,0.9559239583333382
BIPIA,0.9791666666666666,1.0,1.3669450283050537,0.9559239583333382
BIPIA,0.98,1.0,1.3898242712020874,0.9559239583333382
BIPIA,0.9808333333333333,1.0,1.3948662281036377,0.9559239583333382
BIPIA,0.9816666666666667,1.0,1.4067310094833374,0.9559239583333382
BIPIA,0.9825,1.0,1.4069849252700806,0.9559239583333382
BIPIA,0.9833333333333333,1.0,1.4144641160964966,0.9559239583333382
BIPIA,0.9841666666666666,1.0,1.423484444618225,0.9559239583333382
BIPIA,0.985,1.0,1.4278455972671509,0.9559239583333382
BIPIA,0.9858333333333333,1.0,1.4307130575180054,0.9559239583333382
BIPIA,0.9866666666666667,1.0,1.4478061199188232,0.9559239583333382
BIPIA,0.9875,1.0,1.4840549230575562,0.9559239583333382
BIPIA,0.9883333333333333,1.0,1.4941638708114624,0.9559239583333382
BIPIA,0.9891666666666666,1.0,1.5101484060287476,0.9559239583333382
BIPIA,0.99,1.0,1.55071222782135,0.9559239583333382
BIPIA,0.9908333333333333,1.0,1.5540255308151245,0.9559239583333382
BIPIA,0.9916666666666667,1.0,1.55890953540802,0.9559239583333382
BIPIA,0.9925,1.0,1.6002436876296997,0.9559239583333382
BIPIA,0.9933333333333333,1.0,1.6149733066558838,0.9559239583333382
BIPIA,0.9941666666666666,1.0,1.6303726434707642,0.9559239583333382
BIPIA,0.995,1.0,1.6679823398590088,0.9559239583333382
BIPIA,0.9958333333333333,1.0,1.75758957862854,0.9559239583333382
BIPIA,0.9966666666666667,1.0,1.899213194847107,0.9559239583333382
BIPIA,0.9975,1.0,1.9373947381973267,0.9559239583333382
BIPIA,0.9983333333333333,1.0,2.0115127563476562,0.9559239583333382
BIPIA,0.9991666666666666,1.0,2.1642885208129883,0.9559239583333382
BIPIA,1.0,1.0,inf,0.9559239583333382
